HTC One M9 Новые Магазин Гарантия на 1 год,14 990 руб.,м. Савеловская,https://www.avito.ru/moskva/telefony/htc_one_m9_novye_magazin_garantiya_na_1_god_1061505292
HTC One V,2 000 руб.,м. Каховская,https://www.avito.ru/moskva/telefony/htc_one_v_1055305579
HTC T3333 Touch2,1 300 руб.,м. Марьино,https://www.avito.ru/moskva/telefony/htc_t3333_touch2_908827564
HTC desire 326g(dual sim),3 000 руб.,м. Пионерская,https://www.avito.ru/moskva/telefony/htc_desire_326gdual_sim_1035022035
HTC U11 plus,41 000 руб.,м. Новые Черемушки,https://www.avito.ru/moskva/telefony/htc_u11_plus_1333803570
HTC Desire dual 600,3 000 руб.,м. Щелковская,https://www.avito.ru/moskva/telefony/htc_desire_dual_600_1210152760
Htc sensation XE,1 500 руб.,м. Планерная,https://www.avito.ru/moskva/telefony/htc_sensation_xe_1671207429
HTC,3 000 руб.,м. Кунцевская,https://www.avito.ru/moskva/telefony/htc_935176267
Htc Телефон,3 000 руб.,м. Войковская,https://www.avito.ru/moskva/telefony/htc_telefon_1002263190
HTC One X,2 500 руб.,м. Новые Черемушки,https://www.avito.ru/moskva/telefony/htc_one_x_899655692
HTC Desire 816,7 000 руб.,м. ВДНХ,https://www.avito.ru/moskva/telefony/htc_desire_816_944267302
HTC one m7 dual sim,10 000 руб.,м. Митино,https://www.avito.ru/moskva/telefony/htc_one_m7_dual_sim_848670980
Htc Desire 728G dual sim,4 000 руб.,м. Хорошево,https://www.avito.ru/moskva/telefony/htc_desire_728g_dual_sim_1566017679
HTC J butterfly HTV31 Продажа или обмен,Цена не указана,м. Строгино,https://www.avito.ru/moskva/telefony/htc_j_butterfly_htv31_prodazha_ili_obmen_1548452366
HTC Wildfire S белый 2гб памяти Android 4.2.2,2 000 руб.,м. Пятницкое шоссе,https://www.avito.ru/moskva/telefony/htc_wildfire_s_belyy_2gb_pamyati_android_4.2.2_487552692
HTC,2 500 руб.,м. Шаболовская,https://www.avito.ru/moskva/telefony/htc_1587846837
HTC One M8 16gb dual sim Ростест,8 500 руб.,,https://www.avito.ru/moskva/telefony/htc_one_m8_16gb_dual_sim_rostest_1514707564?slocation=637640
"HTC legend (оригинал,ростест) 8GB",2 500 руб.,м. Орехово,https://www.avito.ru/moskva/telefony/htc_legend_originalrostest_8gb_884427076
HTC U11 128GB,33 000 руб.,м. Волжская,https://www.avito.ru/moskva/telefony/htc_u11_128gb_1368067629
HTC Desire (A8181),1 000 руб.,м. Аннино,https://www.avito.ru/moskva/telefony/htc_desire_a8181_1083592301
HTC,7 000 руб.,м. Бабушкинская,https://www.avito.ru/moskva/telefony/htc_1398726136
"Htc desire 400 работает, но не включается экран",1 800 руб.,м. Кантемировская,https://www.avito.ru/moskva/telefony/htc_desire_400_rabotaet_no_ne_vklyuchaetsya_ekran_649709001
HTC Desire 828,7 000 руб.,м. Новокосино,https://www.avito.ru/moskva/telefony/htc_desire_828_1054888474
HTC One M9 Grey,10 000 руб.,м. Комсомольская,https://www.avito.ru/moskva/telefony/htc_one_m9_grey_972571022
HTC U Play чёрного цвета в идеальном состоянии,9 800 руб.,,https://www.avito.ru/moskva/telefony/htc_u_play_chernogo_tsveta_v_idealnom_sostoyanii_1064255057
HTS Desire HD a9191,6 000 руб.,м. Дмитровская,https://www.avito.ru/moskva/telefony/hts_desire_hd_a9191_952121758
HTC One M8s,8 000 руб.,м. ВДНХ,https://www.avito.ru/moskva/telefony/htc_one_m8s_981570021
HTC,3 000 руб.,м. Домодедовская,https://www.avito.ru/moskva/telefony/htc_1652555135
HTC One M8,5 000 руб.,м. Орехово,https://www.avito.ru/moskva/telefony/htc_one_m8_1366848320
HTC X7510 Advantage,2 999 руб.,м. Севастопольская,https://www.avito.ru/moskva/telefony/htc_x7510_advantage_1025641961
HTC Desire 628 dual sim 32 Gb,7 000 руб.,,https://www.avito.ru/moskva/telefony/htc_desire_628_dual_sim_32_gb_1185678992
HTC One S Z560e по запчастям,300 руб.,м. Новогиреево,https://www.avito.ru/moskva/telefony/htc_one_s_z560e_po_zapchastyam_982628985
HTC Desire 510. Идеальное состояние,3 000 руб.,м. Октябрьское поле,https://www.avito.ru/moskva/telefony/htc_desire_510._idealnoe_sostoyanie_702962339
HTC desire HD,1 600 руб.,м. Бульвар Дмитрия Донского,https://www.avito.ru/moskva/telefony/htc_desire_hd_923168328
HTC HD2,1 000 руб.,м. Красные ворота,https://www.avito.ru/moskva/telefony/htc_hd2_1142405737
HTC Sensation Z710e,990 руб.,м. Белорусская,https://www.avito.ru/moskva/telefony/htc_sensation_z710e_1522775940
HTC M10 64GB,15 999 руб.,,https://www.avito.ru/moskva/telefony/htc_m10_64gb_1696660752?slocation=637640
HTC One Mini 2 Новые С гарантией на 1 год,8 500 руб.,м. Савеловская,https://www.avito.ru/moskva/telefony/htc_one_mini_2_novye_s_garantiey_na_1_god_1036185846
HTC,5 000 руб.,м. Саларьево,https://www.avito.ru/moskva/telefony/htc_1650701552
HTC Explorer,2 000 руб.,,https://www.avito.ru/moskva/telefony/htc_explorer_1478703175?slocation=637640
HTC desire x,1 000 руб.,м. Лермонтовский проспект,https://www.avito.ru/moskva/telefony/htc_desire_x_1628215553
HTC M8 dual sim,8 000 руб.,м. Орехово,https://www.avito.ru/moskva/telefony/htc_m8_dual_sim_1686628671
Htc desire c,500 руб.,м. Выхино,https://www.avito.ru/moskva/telefony/htc_desire_c_883770827
HTC One X9 dual sim,8 400 руб.,,https://www.avito.ru/moskva/telefony/htc_one_x9_dual_sim_1161302246?slocation=637640
HTC Desire X dual sim black,5 000 руб.,м. Октябрьское поле,https://www.avito.ru/moskva/telefony/htc_desire_x_dual_sim_black_1144859690
Htc touch diamond,1 400 руб.,м. Войковская,https://www.avito.ru/moskva/telefony/htc_touch_diamond_790039595
HTC Desire A8181,1 500 руб.,м. Коломенская,https://www.avito.ru/moskva/telefony/htc_desire_a8181_1175784109
HTC,3 800 руб.,м. Братиславская,https://www.avito.ru/moskva/telefony/htc_1590255509
HTC 10 Lifestyle 32gb,13 000 руб.,м. Белорусская,https://www.avito.ru/moskva/telefony/htc_10_lifestyle_32gb_1288142041
Htc sensation xe with beats audio z715e,2 000 руб.,м. Октябрьское поле,https://www.avito.ru/moskva/telefony/htc_sensation_xe_with_beats_audio_z715e_1073830159
HTC One mini 2,5 000 руб.,м. Шипиловская,https://www.avito.ru/moskva/telefony/htc_one_mini_2_1155548841
HTC Desire 626G Dual Sim,5 900 руб.,м. Шипиловская,https://www.avito.ru/moskva/telefony/htc_desire_626g_dual_sim_1057182549
HTC one A9 серебристый,12 000 руб.,м. Коньково,https://www.avito.ru/moskva/telefony/htc_one_a9_serebristyy_1205288910
HTC Desire SV Black RU. Возможен Обмен,5 600 руб.,м. Савеловская,https://www.avito.ru/moskva/telefony/htc_desire_sv_black_ru._vozmozhen_obmen_1531099352
HTC Desire 516 White RU. Возможен Обмен,5 600 руб.,м. Савеловская,https://www.avito.ru/moskva/telefony/htc_desire_516_white_ru._vozmozhen_obmen_1574937584
HTC Desire 620g Dual White RU. Возможен Обмен,7 600 руб.,м. Савеловская,https://www.avito.ru/moskva/telefony/htc_desire_620g_dual_white_ru._vozmozhen_obmen_1589747997
HTC Desire 816 Dual Blue RU. Возможен Обмен,9 600 руб.,м. Савеловская,https://www.avito.ru/moskva/telefony/htc_desire_816_dual_blue_ru._vozmozhen_obmen_1505420095
HTC Touch Diamond 2,300 руб.,м. Речной вокзал,https://www.avito.ru/moskva/telefony/htc_touch_diamond_2_940644008
HTC Desire 826G Dual White RU. Возможен Обмен,12 100 руб.,м. Савеловская,https://www.avito.ru/moskva/telefony/htc_desire_826g_dual_white_ru._vozmozhen_obmen_1232980223
HTC One M8 Gray EU.Возможен Обмен,17 100 руб.,м. Савеловская,https://www.avito.ru/moskva/telefony/htc_one_m8_gray_eu.vozmozhen_obmen_987887434
HTC one m8s,12 500 руб.,м. Тульская,https://www.avito.ru/moskva/telefony/htc_one_m8s_1105956763
HTC one,2 200 руб.,м. Лермонтовский проспект,https://www.avito.ru/moskva/telefony/htc_one_960917605
HTC MAX 4G Quartz T8290,2 490 руб.,,https://www.avito.ru/moskva/telefony/htc_max_4g_quartz_t8290_609118784
HTC one m8 Dual Sim,5 500 руб.,м. Петровско-Разумовская,https://www.avito.ru/moskva/telefony/htc_one_m8_dual_sim_974965692
HTC Wildfire,1 000 руб.,м. Проспект Мира,https://www.avito.ru/moskva/telefony/htc_wildfire_1613887847
Htc one s на запчасти,2 000 руб.,м. Новые Черемушки,https://www.avito.ru/moskva/telefony/htc_one_s_na_zapchasti_957350429
Htc wildfire,1 000 руб.,м. Автозаводская,https://www.avito.ru/moskva/telefony/htc_wildfire_1314533075
Htc m8 16gb silver,6 000 руб.,м. Савеловская,https://www.avito.ru/moskva/telefony/htc_m8_16gb_silver_1167007201
HTC Desire 601,4 000 руб.,м. Владыкино,https://www.avito.ru/moskva/telefony/htc_desire_601_1115265956
HTC m10,15 000 руб.,м. Семеновская,https://www.avito.ru/moskva/telefony/htc_m10_1347955736
HTC innovation,2 000 руб.,,https://www.avito.ru/moskva/telefony/htc_innovation_972198937?slocation=637640
HTC 500desire dual sim,2 500 руб.,м. Шаболовская,https://www.avito.ru/moskva/telefony/htc_500desire_dual_sim_1724313446
HTC Wildfire A3333,600 руб.,м. Петровско-Разумовская,https://www.avito.ru/moskva/telefony/htc_wildfire_a3333_1357683437
HTC 526,2 000 руб.,м. Кантемировская,https://www.avito.ru/moskva/telefony/htc_526_1037582873
HTC 4G,4 999 руб.,,https://www.avito.ru/moskva/telefony/htc_4g_51826458?slocation=637640
HTC 828,6 000 руб.,м. Авиамоторная,https://www.avito.ru/moskva/telefony/htc_828_1495858232
HTC D626ph,5 500 руб.,м. Орехово,https://www.avito.ru/moskva/telefony/htc_d626ph_1052677022
HTC ONE M7,5 500 руб.,м. Царицыно,https://www.avito.ru/moskva/telefony/htc_one_m7_1219792682
"HTC наушники, оригинал, новые",500 руб.,м. Войковская,https://www.avito.ru/moskva/telefony/htc_naushniki_original_novye_643214224
HTC,8 000 руб.,м. Люблино,https://www.avito.ru/moskva/telefony/htc_1029271487
HTC Desire 10 Pro 64Gb+4Gb Dual LTE Black,13 850 руб.,м. Багратионовская,https://www.avito.ru/moskva/telefony/htc_desire_10_pro_64gb4gb_dual_lte_black_1570585262
HTC sensation,2 000 руб.,м. Печатники,https://www.avito.ru/moskva/telefony/htc_sensation_1406211785
HTC X-BO X2,2 000 руб.,м. Савеловская,https://www.avito.ru/moskva/telefony/htc_x-bo_x2_1277632158
HTC Sensation XE,1 000 руб.,м. Речной вокзал,https://www.avito.ru/moskva/telefony/htc_sensation_xe_855110716
HTC Droid DNA,5 000 руб.,м. Смоленская,https://www.avito.ru/moskva/telefony/htc_droid_dna_627715992
HTC,1 500 руб.,м. Юго-Западная,https://www.avito.ru/moskva/telefony/htc_871915902
HTC desire 628,7 000 руб.,м. Сходненская,https://www.avito.ru/moskva/telefony/htc_desire_628_1005901073
HTC ONE X,2 500 руб.,м. Новогиреево,https://www.avito.ru/moskva/telefony/htc_one_x_1443339490
HTC One,2 000 руб.,м. Сходненская,https://www.avito.ru/moskva/telefony/htc_one_1010484523
HTC Desire s на запчасти или в ремонт,1 500 руб.,м. Павелецкая,https://www.avito.ru/moskva/telefony/htc_desire_s_na_zapchasti_ili_v_remont_873893285
HTC One A9s (32Gb),5 000 руб.,м. Зябликово,https://www.avito.ru/moskva/telefony/htc_one_a9s_32gb_1080675169
HTC Sensation XL,5 000 руб.,м. Юго-Западная,https://www.avito.ru/moskva/telefony/htc_sensation_xl_1121144065
HTC Desire 200,2 000 руб.,м. Юго-Западная,https://www.avito.ru/moskva/telefony/htc_desire_200_1002299508
HTC One 32Gb LTE рст (оригинал),7 500 руб.,м. Царицыно,https://www.avito.ru/moskva/telefony/htc_one_32gb_lte_rst_original_177947253
HTC One mini 16GB LTE рст (Тайвань),6 500 руб.,м. Царицыно,https://www.avito.ru/moskva/telefony/htc_one_mini_16gb_lte_rst_tayvan_280931586
HTC M8 dual sim 16gb,8 500 руб.,м. Кожуховская,https://www.avito.ru/moskva/telefony/htc_m8_dual_sim_16gb_1229122278
HTC Desier C,1 500 руб.,м. Дмитровская,https://www.avito.ru/moskva/telefony/htc_desier_c_635243612
HTC,50 руб.,м. Речной вокзал,https://www.avito.ru/moskva/telefony/htc_1102131897
HTC Legend,1 500 руб.,,https://www.avito.ru/moskva/telefony/htc_legend_1206527652?slocation=637640
Htc one m8,7 000 руб.,м. Выхино,https://www.avito.ru/moskva/telefony/htc_one_m8_1596113739
HTC Desire 616 dual sim,4 000 руб.,м. Щелковская,https://www.avito.ru/moskva/telefony/htc_desire_616_dual_sim_1097384495
HTC incredible s,4 500 руб.,м. Славянский бульвар,https://www.avito.ru/moskva/telefony/htc_incredible_s_1160564270
HTC,2 000 руб.,м. Рязанский проспект,https://www.avito.ru/moskva/telefony/htc_1542718925
HTC P3300,1 000 руб.,м. Каширская,https://www.avito.ru/moskva/telefony/htc_p3300_1110641838
HTC legend,2 000 руб.,м. Варшавская,https://www.avito.ru/moskva/telefony/htc_legend_994116688
HTC desire 326G,3 000 руб.,м. Авиамоторная,https://www.avito.ru/moskva/telefony/htc_desire_326g_1079693285
HTC,1 500 руб.,,https://www.avito.ru/moskva/telefony/htc_1345161498?slocation=637640
HTC Desire 616 Dual sim,3 500 руб.,м. Аннино,https://www.avito.ru/moskva/telefony/htc_desire_616_dual_sim_1141053543
HTC One M7,3 333 руб.,м. Красногвардейская,https://www.avito.ru/moskva/telefony/htc_one_m7_959622325
HTC ONE E9 Plus,15 000 руб.,м. Медведково,https://www.avito.ru/moskva/telefony/htc_one_e9_plus_827233829
HTC desire 828 2gb/16gb.гарантия,6 000 руб.,м. Тульская,https://www.avito.ru/moskva/telefony/htc_desire_828_2gb16gb.garantiya_1710528257
HTC Desire 620 dual sim,4 000 руб.,м. Медведково,https://www.avito.ru/moskva/telefony/htc_desire_620_dual_sim_949804996
HTC,3 100 руб.,м. Юго-Западная,https://www.avito.ru/moskva/telefony/htc_1123330444
HTC One M8 Gray,6 500 руб.,м. Братиславская,https://www.avito.ru/moskva/telefony/htc_one_m8_gray_1194229376
HTC Desire 626 dual SIM,5 000 руб.,м. Тушинская,https://www.avito.ru/moskva/telefony/htc_desire_626_dual_sim_1710913540
HTC 7 Mozart,1 800 руб.,м. Римская,https://www.avito.ru/moskva/telefony/htc_7_mozart_999918927
"Htc p3470, pharos",1 000 руб.,м. Красногвардейская,https://www.avito.ru/moskva/telefony/htc_p3470_pharos_633245980
HTC HD2 T8585,3 500 руб.,,https://www.avito.ru/moskva/telefony/htc_hd2_t8585_938504584?slocation=637640
HTC Mini+,1 500 руб.,,https://www.avito.ru/moskva/telefony/htc_mini_1184547547?slocation=637640
HTC sense,1 000 руб.,м. ВДНХ,https://www.avito.ru/moskva/telefony/htc_sense_1026790719
HTC One M7 HTC desire 600 dual sim запчасти,800 руб.,м. Пролетарская,https://www.avito.ru/moskva/telefony/htc_one_m7_htc_desire_600_dual_sim_zapchasti_1083537281
Htc смартфон,2 900 руб.,м. Планерная,https://www.avito.ru/moskva/telefony/htc_smartfon_966861384
Htc one m7 dual sim,5 500 руб.,м. Фили,https://www.avito.ru/moskva/telefony/htc_one_m7_dual_sim_1047638520
HTC ONE M8 (разбит тач),2 400 руб.,,https://www.avito.ru/moskva/telefony/htc_one_m8_razbit_tach_1127574919?slocation=637640
HTC,3 500 руб.,м. Шоссе Энтузиастов,https://www.avito.ru/moskva/telefony/htc_948378376
HTC one mini 4G beats audio,3 000 руб.,м. Мякинино,https://www.avito.ru/moskva/telefony/htc_one_mini_4g_beats_audio_1527210634
HTC One X+ 64Gb Black,5 000 руб.,м. Бибирево,https://www.avito.ru/moskva/telefony/htc_one_x_64gb_black_999643548
HTC desire 616,4 000 руб.,м. Планерная,https://www.avito.ru/moskva/telefony/htc_desire_616_820812024
HTC Touch Cruise,900 руб.,м. Речной вокзал,https://www.avito.ru/moskva/telefony/htc_touch_cruise_473118550
HTC Sensatin XL. nokia.Panasonic X L и стационарны,5 500 руб.,м. Речной вокзал,https://www.avito.ru/moskva/telefony/htc_sensatin_xl._nokia.panasonic_x_l_i_statsionarny_755919516
HTC One s,3 000 руб.,м. Киевская,https://www.avito.ru/moskva/telefony/htc_one_s_1072149306
HTS elf0100 на запчасти,400 руб.,м. Новогиреево,https://www.avito.ru/moskva/telefony/hts_elf0100_na_zapchasti_440247520
Htc Desire z,1 000 руб.,м. Сходненская,https://www.avito.ru/moskva/telefony/htc_desire_z_1713513238
HTC One X Beats,2 800 руб.,,https://www.avito.ru/moskva/telefony/htc_one_x_beats_1452703952?slocation=637640
HTC one mini M8 белый,4 500 руб.,м. Рязанский проспект,https://www.avito.ru/moskva/telefony/htc_one_mini_m8_belyy_1034929150
HTC OneV,1 руб.,м. Красногвардейская,https://www.avito.ru/moskva/telefony/htc_onev_870244787
HTC Desire SV,2 800 руб.,м. Красногвардейская,https://www.avito.ru/moskva/telefony/htc_desire_sv_1720869698
Htc evo 3d,1 000 руб.,,https://www.avito.ru/moskva/telefony/htc_evo_3d_1515204609
HTC Titan X310e,5 000 руб.,м. Свиблово,https://www.avito.ru/moskva/telefony/htc_titan_x310e_964600609
Htc desire 700 dual sim,5 000 руб.,м. Бульвар Рокоссовского,https://www.avito.ru/moskva/telefony/htc_desire_700_dual_sim_1061265111
HTC Desire 620G dual slim,5 000 руб.,м. Петровско-Разумовская,https://www.avito.ru/moskva/telefony/htc_desire_620g_dual_slim_1095673773
"HTC One S, отличное состояние, 16gb",2 800 руб.,м. Третьяковская,https://www.avito.ru/moskva/telefony/htc_one_s_otlichnoe_sostoyanie_16gb_1154352714
HTC desire c (для запчастей),300 руб.,м. Бульвар Дмитрия Донского,https://www.avito.ru/moskva/telefony/htc_desire_c_dlya_zapchastey_1065932698
HTC 10 32 гб,18 500 руб.,м. Строгино,https://www.avito.ru/moskva/telefony/htc_10_32_gb_968117018
HTC 8S White На запчасти,900 руб.,м. Римская,https://www.avito.ru/moskva/telefony/htc_8s_white_na_zapchasti_529834563
HTC Desire 616 dual sim,4 000 руб.,м. Щелковская,https://www.avito.ru/moskva/telefony/htc_desire_616_dual_sim_1134804394
HTC,8 000 руб.,м. Багратионовская,https://www.avito.ru/moskva/telefony/htc_1382440179
Htc droid dna аналог htc butterfly,7 500 руб.,м. Строгино,https://www.avito.ru/moskva/telefony/htc_droid_dna_analog_htc_butterfly_1193287450
HTC One V,3 000 руб.,м. Улица 1905 года,https://www.avito.ru/moskva/telefony/htc_one_v_1370543495
HTC One X,2 300 руб.,м. Комсомольская,https://www.avito.ru/moskva/telefony/htc_one_x_1130204330
HTC desire 601,2 000 руб.,м. Менделеевская,https://www.avito.ru/moskva/telefony/htc_desire_601_1512677105
HTC EVO 3D,3 000 руб.,м. Преображенская площадь,https://www.avito.ru/moskva/telefony/htc_evo_3d_918156548
Htc desire 530,6 000 руб.,м. Киевская,https://www.avito.ru/moskva/telefony/htc_desire_530_1082294846
HTC quietly brilliant,500 руб.,м. Черкизовская,https://www.avito.ru/moskva/telefony/htc_quietly_brilliant_1600351378
HTC Legend A6363,1 000 руб.,м. Нагорная,https://www.avito.ru/moskva/telefony/htc_legend_a6363_1272991082
HTC Desire HD A9191,3 000 руб.,м. Полежаевская,https://www.avito.ru/moskva/telefony/htc_desire_hd_a9191_817693805
HTC eye,4 000 руб.,м. Люблино,https://www.avito.ru/moskva/telefony/htc_eye_1006885046
HTC - 620G телефон/смартфон,2 500 руб.,,https://www.avito.ru/moskva/telefony/htc_-_620g_telefonsmartfon_1282691290?slocation=637640
HTC desire S,450 руб.,м. Улица академика Янгеля,https://www.avito.ru/moskva/telefony/htc_desire_s_946821120
HTC innovation,500 руб.,м. Речной вокзал,https://www.avito.ru/moskva/telefony/htc_innovation_912263287
