(SMART)SmartCash(SMART),"0.352527
USD"
(REQ)RequestNetwork(REQ),"0.300535
USD"
(VIU)Viuly(VIU),"0.027481
USD"
(CAPP)Cappasity(CAPP),"0.143773
USD"
(OK)OKCash(OK),"0.260604
USD"
(BTC)Bitcoin(BTC),"8147.12
USD"
(XBY)XTRABYTES(XBY),"0.212301
USD"
(EDG)Edgeless(EDG),"0.873284
USD"
(OST)SimpleToken(OST),"0.296250
USD"
(MDA)MoedaLoyaltyPoints(MDA),"1.31
USD"
(BNB)BinanceCoin(BNB),"8.74
USD"
(WGR)Wagerr(WGR),"0.332438
USD"
(DIME)Dimecoin(DIME),"0.000055
USD"
(SOC)AllSports(SOC),"0.096856
USD"
(EXP)Expanse(EXP),"2.87
USD"
(UNITY)SuperNET(UNITY),"147.99
USD"
(TRX)TRON(TRX),"0.037184
USD"
(OCN)Odyssey(OCN),"0.027363
USD"
(NLC2)NoLimitCoin(NLC2),"0.134521
USD"
(VIB)Viberate(VIB),"0.242511
USD"
(SUB)Substratum(SUB),"0.648949
USD"
(GBYTE)ByteballBytes(GBYTE),"461.88
USD"
(PLBT)Polybius(PLBT),"4.24
USD"
(AION)Aion(AION),"2.98
USD"
(LOC)LockChain(LOC),"1.82
USD"
(BITCNY)bitCNY(BITCNY),"0.166493
USD"
(RDD)ReddCoin(RDD),"0.006598
USD"
(VOX)Voxels(VOX),"0.168113
USD"
(GUP)Matchpool(GUP),"0.279600
USD"
(DRGN)Dragonchain(DRGN),"1.66
USD"
(ZRX)0x(ZRX),"1.07
USD"
(VEE)BLOCKv(VEE),"0.072952
USD"
(CLOAK)CloakCoin(CLOAK),"9.24
USD"
(MCO)Monaco(MCO),"6.89
USD"
(GBX)GoByte(GBX),"26.10
USD"
(ATB)ATBCoin(ATB),"0.382535
USD"
(COB)Cobinhood(COB),"0.228622
USD"
(NULS)Nuls(NULS),"2.99
USD"
(XWC)WhiteCoin(XWC),"0.103114
USD"
(BCN)Bytecoin(BCN),"0.004554
USD"
(ETH)Ethereum(ETH),"819.35
USD"
(MER)Mercury(MER),"0.425164
USD"
(UKG)UnikoinGold(UKG),"0.406393
USD"
(HPB)HighPerformanceBlockchain(HPB),"6.55
USD"
(LSK)Lisk(LSK),"20.18
USD"
(PLU)Pluton(PLU),"18.90
USD"
(DATA)StreamrDATAcoin(DATA),"0.088068
USD"
(PPP)PayPie(PPP),"1.46
USD"
(LUX)LUXCoin(LUX),"16.58
USD"
(BTM)Bytom(BTM),"0.298543
USD"
(ADT)adToken(ADT),"0.070623
USD"
(POWR)PowerLedger(POWR),"0.634031
USD"
(BLT)Bloom(BLT),"0.810188
USD"
(WRC)Worldcore(WRC),"0.155779
USD"
(OXY)Oxycoin(OXY),"0.237728
USD"
(COLX)ColossusCoinXT(COLX),"0.002756
USD"
(ARK)Ark(ARK),"3.84
USD"
(XAS)Asch(XAS),"0.869127
USD"
(RLC)iExecRLC(RLC),"1.35
USD"
(UQC)UquidCoin(UQC),"2.05
USD"
(NXT)Nxt(NXT),"0.185616
USD"
(PRL)Oyster(PRL),"0.512879
USD"
(SXDT)Spectre.aiDividendToken(SXDT),"0.504648
USD"
(BAY)BitBay(BAY),"0.068864
USD"
(VOISE)Voise(VOISE),"0.031311
USD"
(QLC)QLINK(QLC),"0.192666
USD"
(LEND)ETHLend(LEND),"0.086646
USD"
(XVG)Verge(XVG),"0.054537
USD"
(WAVES)Waves(WAVES),"5.28
USD"
(PRO)Propy(PRO),"1.54
USD"
(RDN)RaidenNetworkToken(RDN),"2.86
USD"
(PST)Primas(PST),"0.355535
USD"
(BCC)BitConnect(BCC),"3.19
USD"
(GVT)GenesisVision(GVT),"14.47
USD"
(XRP)Ripple(XRP),"0.775067
USD"
(TKN)TokenCard(TKN),"1.72
USD"
(AMP)Synereo(AMP),"0.331418
USD"
(LKK)Lykke(LKK),"0.171153
USD"
(TRAC)OriginTrail(TRAC),"0.232634
USD"
(PUT)ProfileUtilityToken(PUT),"0.976250
USD"
(QRL)QuantumResistantLedger(QRL),"1.33
USD"
(BCPT)BlockMasonCreditProtocol(BCPT),"0.501734
USD"
(BNTY)Bounty0x(BNTY),"0.130686
USD"
(TEL)Telcoin(TEL),"0.003828
USD"
(SWFTC)SwftCoin(SWFTC),"0.019885
USD"
(FUN)FunFair(FUN),"0.065192
USD"
(MUE)MonetaryUnit(MUE),"0.146623
USD"
(LMC)LoMoCoin(LMC),"0.074657
USD"
(ACT)Achain(ACT),"0.353329
USD"
(BTCD)BitcoinDark(BTCD),"92.05
USD"
(SPHTX)SophiaTX(SPHTX),"0.470045
USD"
(EMC)Emercoin(EMC),"3.45
USD"
(AVT)Aventus(AVT),"2.59
USD"
(SNT)Status(SNT),"0.218571
USD"
(MAID)MaidSafeCoin(MAID),"0.407898
USD"
(XEL)Elastic(XEL),"0.279292
USD"
(KIN)Kin(KIN),"0.000300
USD"
(LRC)Loopring(LRC),"0.665129
USD"
(NET)Nimiq(NET),"2.99
USD"
(GRS)Groestlcoin(GRS),"0.570163
USD"
(SNC)SunContract(SNC),"0.265217
USD"
(ION)ION(ION),"2.72
USD"
(DOGE)Dogecoin(DOGE),"0.004566
USD"
(BCH)BitcoinCash(BCH),"997.38
USD"
(ADA)Cardano(ADA),"0.360863
USD"
(USDT)Tether(USDT),"1.01
USD"
(PASC)PascalCoin(PASC),"1.65
USD"
(BAT)BasicAttentionToken(BAT),"0.363259
USD"
(BRD)Bread(BRD),"0.874788
USD"
(BDG)BitDegree(BDG),"0.131755
USD"
(MOD)Modum(MOD),"3.20
USD"
(JINN)Jinn(JINN),"664.05
USD"
(DCN)Dentacoin(DCN),"0.001050
USD"
(POT)PotCoin(POT),"0.142422
USD"
(PKT)Playkey(PKT),"1.18
USD"
(VTC)Vertcoin(VTC),"3.20
USD"
(XDN)DigitalNote(XDN),"0.017090
USD"
(FCT)Factom(FCT),"24.98
USD"
(DBET)DecentBet(DBET),"0.195759
USD"
(AIR)AirToken(AIR),"0.015998
USD"
(SC)Siacoin(SC),"0.022868
USD"
(HTML)HTMLCOIN(HTML),"0.001629
USD"
(NXC)Nexium(NXC),"0.229494
USD"
(CTR)Centra(CTR),"1.02
USD"
(DICE)Etheroll(DICE),"2.56
USD"
(SBD)SteemDollars(SBD),"3.21
USD"

(MTL)Metal(MTL),"4.15
USD"
(PPC)Peercoin(PPC),"3.61
USD"
(RHOC)RChain(RHOC),"1.45
USD"
(NAS)Nebulas(NAS),"8.10
USD"
(FUEL)Etherparty(FUEL),"0.119221
USD"
(FLASH)Flash(FLASH),"0.032273
USD"
(DPY)Delphy(DPY),"1.50
USD"
(VEN)VeChain(VEN),"4.46
USD"
(LBC)LBRYCredits(LBC),"0.348620
USD"
(ECC)ECC(ECC),"0.001553
USD"
(AE)Aeternity(AE),"3.13
USD"
(SAFEX)SafeExchangeCoin(SAFEX),"0.026991
USD"
(HDG)Hedge(HDG),"4.31
USD"
(RCN)RipioCreditNetwork(RCN),"0.180970
USD"
(BLOCK)Blocknet(BLOCK),"26.54
USD"
(MONA)MonaCoin(MONA),"3.80
USD"
(LTC)Litecoin(LTC),"150.02
USD"
(DRT)DomRaider(DRT),"0.041297
USD"
(SOAR)Soarcoin(SOAR),"0.020837
USD"
(ETHOS)Ethos(ETHOS),"4.47
USD"
(GAM)Gambit(GAM),"12.72
USD"
(VRC)VeriCoin(VRC),"0.858760
USD"
(EMC2)Einsteinium(EMC2),"0.317187
USD"
(EVX)Everex(EVX),"1.88
USD"
(PEPECASH)PepeCash(PEPECASH),"0.047809
USD"
(TIX)Blocktix(TIX),"0.721708
USD"
(MNX)MinexCoin(MNX),"15.05
USD"
(ARN)Aeron(ARN),"1.74
USD"
(BMC)Blackmoon(BMC),"0.798143
USD"
(CND)Cindicator(CND),"0.197772
USD"
(SAN)SantimentNetworkToken(SAN),"1.68
USD"
(TNT)Tierion(TNT),"0.131987
USD"
(THETA)ThetaToken(THETA),"0.140655
USD"
(NGC)NAGA(NGC),"0.886677
USD"
(THC)HempCoin(THC),"0.168252
USD"
(PAY)TenX(PAY),"1.66
USD"
(OAX)OAX(OAX),"0.712283
USD"
(DCR)Decred(DCR),"73.38
USD"
(DTR)DynamicTradingRights(DTR),"0.115335
USD"
(UTK)UTRUST(UTK),"0.329779
USD"
(ETC)EthereumClassic(ETC),"19.76
USD"
(STRAT)Stratis(STRAT),"7.11
USD"
(NEO)NEO(NEO),"113.48
USD"
(AEON)Aeon(AEON),"2.67
USD"
(ZOI)Zoin(ZOI),"0.962815
USD"
(AGI)SingularityNET(AGI),"0.454145
USD"
(NLG)Gulden(NLG),"0.172586
USD"
(DGB)DigiByte(DGB),"0.034019
USD"
(NEU)Neumark(NEU),"0.844950
USD"
(NVST)NVO(NVST),"1.02
USD"
(STORJ)Storj(STORJ),"0.977746
USD"
(FAIR)FairCoin(FAIR),"0.494461
USD"
(ZSC)Zeusshield(ZSC),"0.024974
USD"
(ECOB)Ecobit(ECOB),"0.037453
USD"
(ICX)ICON(ICX),"4.65
USD"
(XLM)Stellar(XLM),"0.367221
USD"
(BTS)BitShares(BTS),"0.237281
USD"
(XSPEC)Spectrecoin(XSPEC),"1.80
USD"
(UNIT)UniversalCurrency(UNIT),"1.55
USD"
(GNT)Golem(GNT),"0.341370
USD"
(DGD)DigixDAO(DGD),"224.74
USD"
(IXT)iXledger(IXT),"0.865282
USD"
(BURST)Burst(BURST),"0.027808
USD"
(PURA)Pura(PURA),"0.237662
USD"
(KRM)Karma(KRM),"0.033255
USD"
(WAX)WAX(WAX),"0.343556
USD"
(LUN)Lunyr(LUN),"19.45
USD"
(OTN)OpenTradingNetwork(OTN),"6.18
USD"
(ENJ)EnjinCoin(ENJ),"0.152052
USD"
(DBC)DeepBrainChain(DBC),"0.096451
USD"
(NAV)NAVCoin(NAV),"1.63
USD"
(XZC)ZCoin(XZC),"49.56
USD"
(QUN)QunQun(QUN),"0.067458
USD"
(CMT)CyberMiles(CMT),"0.178146
USD"
(R)Revain(R),"1.80
USD"
(PND)Pandacoin(PND),"0.000490
USD"
(XMY)Myriad(XMY),"0.011389
USD"
(VIA)Viacoin(VIA),"2.80
USD"
(DNA)EncrypGen(DNA),"0.420150
USD"
(ANT)Aragon(ANT),"4.82
USD"
(WINGS)Wings(WINGS),"0.622073
USD"
(BSD)BitSend(BSD),"0.828292
USD"
(TRST)WeTrust(TRST),"0.330379
USD"
(HSR)Hshare(HSR),"10.46
USD"
(MKR)Maker(MKR),"975.26
USD"
(CV)carVertical(CV),"0.006459
USD"
(GOLOS)Golos(GOLOS),"0.133335
USD"
(PRE)Presearch(PRE),"0.264579
USD"
(DENT)Dent(DENT),"0.026462
USD"
(CDT)CoinDash(CDT),"0.076775
USD"
(STX)Stox(STX),"0.473534
USD"
(TNB)TimeNewBank(TNB),"0.069867
USD"
(GTC)Game.com(GTC),"0.073765
USD"
(VIBE)VIBE(VIBE),"0.507285
USD"
(GTO)Gifto(GTO),"0.282405
USD"
(IOC)I/OCoin(IOC),"2.24
USD"
(LA)LAToken(LA),"0.367162
USD"
(SNGLS)SingularDTV(SNGLS),"0.144284
USD"
(BIX)BiboxToken(BIX),"0.746777
USD"
(AUR)Auroracoin(AUR),"1.72
USD"
(POE)Po.et(POE),"0.057087
USD"
(ELF)aelf(ELF),"1.33
USD"
(LEO)LEOcoin(LEO),"0.267925
USD"
(ICN)Iconomi(ICN),"1.61
USD"
(XPA)XPlay(XPA),"0.199355
USD"
(MYB)MyBitToken(MYB),"8.40
USD"
(CLAM)Clams(CLAM),"5.56
USD"
(HST)DecisionToken(HST),"1.78
USD"
(HMQ)Humaniq(HMQ),"0.185568
USD"
(INS)INSEcosystem(INS),"2.29
USD"
(KNC)KyberNetwork(KNC),"3.23
USD"
(QTUM)Qtum(QTUM),"23.46
USD"
(EOS)EOS(EOS),"8.34
USD"
(OCT)OracleChain(OCT),"0.585099
USD"
(XEM)NEM(XEM),"0.558282
USD"
(BTG)BitcoinGold(BTG),"93.44
USD"
(BCO)BridgeCoin(BCO),"3.74
USD"
(POSW)PoSWCoin(POSW),"0.500115
USD"
(SWT)SwarmCity(SWT),"2.48
USD"
(MED)MediBloc(MED),"0.042501
USD"
(PLR)Pillar(PLR),"1.45
USD"
(XAUR)Xaurum(XAUR),"0.130235
USD"
(ORME)OrmeusCoin(ORME),"1.36
USD"
(IGNIS)Ignis(IGNIS),"0.206623
USD"
(QBT)Qbao(QBT),"0.555841
USD"
(ZEN)ZenCash(ZEN),"35.91
USD"
(WTC)Walton(WTC),"23.84
USD"
(NXS)Nexus(NXS),"3.56
USD"
(TAAS)TaaS(TAAS),"5.01
USD"
(GRID)Grid+(GRID),"1.13
USD"
(FTC)Feathercoin(FTC),"0.157707
USD"
(SIB)SIBCoin(SIB),"1.74
USD"
(PAC)PACcoin(PAC),"0.000032
USD"
(TGT)TargetCoin(TGT),"0.027468
USD"
(DMD)Diamond(DMD),"12.51
USD"
(TRIG)Triggers(TRIG),"1.55
USD"
(IDH)indaHash(IDH),"0.138970
USD"
(EBTC)eBitcoin(EBTC),"0.928358
USD"
(CNX)Cryptonex(CNX),"6.12
USD"
(GAT)Gatcoin(GAT),"0.029958
USD"

(ARDR)Ardor(ARDR),"0.412929
USD"
(XUC)ExchangeUnion(XUC),"7.35
USD"
(WABI)WaBi(WABI),"1.68
USD"
(XRB)Nano(XRB),"11.67
USD"
(ETN)Electroneum(ETN),"0.067706
USD"
(ONION)DeepOnion(ONION),"5.09
USD"
(SYS)Syscoin(SYS),"0.500406
USD"
(ETP)MetaverseETP(ETP),"1.49
USD"
(PRA)ProChain(PRA),"0.423982
USD"
(ZCL)ZClassic(ZCL),"91.89
USD"
(GNO)Gnosis(GNO),"142.06
USD"
(BLZ)Bluzelle(BLZ),"0.685624
USD"
(TAU)Lamden(TAU),"0.210826
USD"
(RPX)RedPulse(RPX),"0.151114
USD"
(BITB)BeanCash(BITB),"0.009238
USD"
(DCT)DECENT(DCT),"0.791127
USD"
(VERI)Veritaseum(VERI),"290.62
USD"
(SKY)Skycoin(SKY),"16.96
USD"
(BITUSD)bitUSD(BITUSD),"1.09
USD"
(CAT)BitClave(CAT),"0.051990
USD"
(AGRS)AgorasTokens(AGRS),"2.33
USD"
(XSH)SHIELD(XSH),"0.058908
USD"
(NEOS)NeosCoin(NEOS),"4.30
USD"
(MTH)Monetha(MTH),"0.151546
USD"
(RVT)Rivetz(RVT),"0.557778
USD"
(PART)Particl(PART),"22.21
USD"
(BLK)BlackCoin(BLK),"0.299982
USD"
(PAYX)Paypex(PAYX),"1.10
USD"
(INK)Ink(INK),"0.200700
USD"
(ECA)Electra(ECA),"0.002779
USD"
(HVN)Hive(HVN),"0.117874
USD"
(ECN)E-coin(ECN),"3.51
USD"
(PPT)Populous(PPT),"41.09
USD"
(KMD)Komodo(KMD),"3.98
USD"
(BTX)Bitcore(BTX),"23.06
USD"
(RISE)Rise(RISE),"0.173949
USD"
(DNT)district0x(DNT),"0.082004
USD"
(SPANK)SpankChain(SPANK),"0.183805
USD"
(DASH)Dash(DASH),"548.29
USD"
(KEY)Selfkey(KEY),"0.018960
USD"
(DLT)Agrello(DLT),"0.348603
USD"
(SALT)SALT(SALT),"4.77
USD"
(SRN)SIRINLABSToken(SRN),"1.13
USD"
(RNT)OneRootNetwork(RNT),"0.084640
USD"
(DTB)Databits(DTB),"0.642459
USD"
(DAT)Datum(DAT),"0.054802
USD"
(UNO)Unobtanium(UNO),"131.34
USD"
(GAS)Gas(GAS),"42.31
USD"
(TNC)TrinityNetworkCredit(TNC),"0.244087
USD"
(PRG)Paragon(PRG),"0.253848
USD"
(PIVX)PIVX(PIVX),"5.38
USD"
(ATM)ATMChain(ATM),"0.010364
USD"
(COSS)COSS(COSS),"0.633782
USD"
(GAME)GameCredits(GAME),"2.38
USD"
(MOT)OlympusLabs(MOT),"0.791331
USD"
(ENRG)Energycoin(ENRG),"0.143284
USD"
(TSL)Energo(TSL),"0.056480
USD"
(NMC)Namecoin(NMC),"2.42
USD"
(DEW)DEW(DEW),"1.20
USD"
(GRC)GridCoin(GRC),"0.058262
USD"
(MLN)Melon(MLN),"105.83
USD"
(BBR)Boolberry(BBR),"1.96
USD"
(XMR)Monero(XMR),"215.52
USD"
(SNM)SONM(SNM),"0.208361
USD"
(KCS)KuCoinShares(KCS),"6.31
USD"
(AST)AirSwap(AST),"0.647577
USD"
(OMNI)Omni(OMNI),"34.67
USD"
(INT)InternetNodeToken(INT),"0.366893
USD"
(BNT)Bancor(BNT),"4.98
USD"
(OMG)OmiseGO(OMG),"12.04
USD"
(QASH)QASH(QASH),"0.852985
USD"
(QSP)Quantstamp(QSP),"0.313906
USD"
(EDO)Eidoo(EDO),"2.10
USD"
(XRL)Rialto(XRL),"0.198268
USD"
(COV)Covesting(COV),"1.30
USD"
(ART)Maecenas(ART),"0.990251
USD"
(SNOV)Snovio(SNOV),"0.047867
USD"
(IOST)IOStoken(IOST),"0.037088
USD"
(MSP)Mothership(MSP),"0.184796
USD"
(MGO)MobileGo(MGO),"0.561372
USD"
(REP)Augur(REP),"49.84
USD"
(WCT)WavesCommunityToken(WCT),"1.65
USD"
(MANA)Decentraland(MANA),"0.089147
USD"
(CSNO)BitDice(CSNO),"0.246280
USD"
(DBIX)DubaiCoin(DBIX),"7.80
USD"

(AMB)Ambrosus(AMB),"0.562412
USD"
(XCP)Counterparty(XCP),"28.44
USD"

(NMR)Numeraire(NMR),"16.70
USD"
"
(CVC)Civic(CVC),"0.353563
USD"
(ESP)Espers(ESP),"0.000571
USD"
(ZEC)Zcash(ZEC),"365.16
USD"
(2GIVE)2GIVE(2GIVE),"0.010118
USD"
(MDS)MediShares(MDS),"0.193570
USD"
(BLUE)BLUE(BLUE),"0.442129
USD"
(XST)Stealthcoin(XST),"0.333302
USD"
(PPY)Peerplays(PPY),"6.53
USD"
(CREDO)Credo(CREDO),"0.022607
USD"
(HORSE)Ethorse(HORSE),"0.098744
USD"
(GXS)GXShares(GXS),"4.10
USD"
(CAN)CanYaCoin(CAN),"0.726470
USD"
(QAU)Quantum(QAU),"0.158185
USD"
(MEME)Memetic/PepeCoin(MEME),"0.424243
USD"
(XP)ExperiencePoints(XP),"0.000516
USD"
(RADS)Radium(RADS),"5.59
USD"
(ALIS)ALIS(ALIS),"0.406107
USD"
(RBY)Rubycoin(RBY),"0.675333
USD"
(UFR)Upfiring(UFR),"0.356723
USD"
(STEEM)Steem(STEEM),"3.84
USD"
(ADX)AdEx(ADX),"1.20
USD"
(IFT)InvestFeed(IFT),"0.075067
USD"
(LINK)ChainLink(LINK),"0.425636
USD"
(MYST)Mysterium(MYST),"0.563790
USD"
(KICK)KickCoin(KICK),"0.044852
USD"
(KLC)KiloCoin(KLC),"0.033525
USD"
(BOT)Bodhi(BOT),"0.538392
USD"
(BLITZ)Blitzcash(BLITZ),"1.48
USD"
(ATL)ATLANT(ATL),"0.537368
USD"
(STORM)Storm(STORM),"0.037400
USD"
(TIO)TradeToken(TIO),"0.382733
USD"
(SMART)SmartBillions(SMART),"0.740661
USD"
(MAGE)MagicCoin(MAGE),"1.04
USD"
(STAK)STRAKS(STAK),"3.26
USD"
(PIRL)Pirl(PIRL),"1.36
USD"
(QRK)Quark(QRK),"0.011472
USD"
(TRC)Terracoin(TRC),"0.191721
USD"
(CURE)Curecoin(CURE),"0.385128
USD"
(MUSIC)Musicoin(MUSIC),"0.020816
USD"
(BPL)Blockpool(BPL),"0.252784
USD"
(ALQO)ALQO(ALQO),"1.05
USD"
(ICOS)ICOS(ICOS),"24.56
USD"
(LINX)Linx(LINX),"0.125644
USD"
(CAT)BlockCAT(CAT),"1.34
USD"
(NTRN)Neutron(NTRN),"0.354701
USD"
(WILD)WildCrypto(WILD),"0.332391
USD"
(SMLY)SmileyCoin(SMLY),"0.000150
USD"
(EQT)EquiTrader(EQT),"0.259008
USD"
(NIMFA)Nimfamoney(NIMFA),"2.38
USD"
(HUC)HunterCoin(HUC),"0.157563
USD"
(SLR)SolarCoin(SLR),"0.543767
USD"
(SHIFT)Shift(SHIFT),"2.76
USD"
(BWK)Bulwark(BWK),"3.46
USD"
(BRO)Bitradio(BRO),"0.276387
USD"
(ITC)IoTChain(ITC),"2.86
USD"
(BTA)Bata(BTA),"0.372270
USD"
(XCN)Cryptonite(XCN),"0.003427
USD"
(DGPT)DigiPulse(DGPT),"5.06
USD"

(NETKO)Netko(NETKO),"0.256050
USD"
(PUT)PutinCoin(PUT),"0.014701
USD"
(LGD)LegendsRoom(LGD),"0.774810
USD"
(LIFE)LIFE(LIFE),"0.000894
USD"
(NOBL)NobleCoin(NOBL),"0.000898
USD"
(TRCT)Tracto(TRCT),"0.399188
USD"
(MINT)Mintcoin(MINT),"0.000571
USD"
(AC)AsiaCoin(AC),"0.006201
USD"
(TCC)TheChampCoin(TCC),"0.055241
USD"
(NOTE)DNotes(NOTE),"0.042539
USD"
(BLU)BlueCoin(BLU),"0.005070
USD"
(DOPE)DopeCoin(DOPE),"0.084347
USD"
(IOP)InternetofPeople(IOP),"3.28
USD"
(TIE)TIESNetwork(TIE),"0.188809
USD"
(TRUMP)TrumpCoin(TRUMP),"0.143393
USD"
(AHT)Bowhead(AHT),"0.316188
USD"
(BTCRED)BitcoinRed(BTCRED),"0.050454
USD"
(GCR)GlobalCurrencyReserve(GCR),"0.113256
USD"
(ZER)Zero(ZER),"1.52
USD"
(PZM)PRIZM(PZM),"0.892983
USD"
(ATMS)Atmos(ATMS),"0.070581
USD"
(START)Startcoin(START),"0.093176
USD"
(FLIK)FLiK(FLIK),"0.101149
USD"
(SEND)SocialSend(SEND),"0.203992
USD"
(ITNS)IntenseCoin(ITNS),"0.014500
USD"
(NIO)Autonio(NIO),"0.186907
USD"
(GJC)GlobalJobcoin(GJC),"0.243347
USD"
(CRC)CrowdCoin(CRC),"7.99
USD"


(XCPO)Copico(XCPO),"0.106397
USD"
(GRE)Greencoin(GRE),"0.000490
USD"
(TTC)TittieCoin(TTC),"0.001061
USD"
(KURT)Kurrent(KURT),"0.013852
USD"
(JET)Jetcoin(JET),"0.176374
USD"
(HOLD)InterstellarHoldings(HOLD),"0.037540
USD"
(ITI)iTicoin(ITI),"29.15
USD"
(POLIS)Polis(POLIS),"13.95
USD"
(EPY)Emphy(EPY),"0.269655
USD"
(BET)DAO.Casino(BET),"0.044392
USD"
(MTNC)Masternodecoin(MTNC),"0.117010
USD"
(KEK)KekCoin(KEK),"0.144426
USD"
(DRP)DCORP(DRP),"1.11
USD"
(UIS)Unitus(UIS),"0.053691
USD"
(CVCOIN)CVCoin(CVCOIN),"1.17
USD"
(STAR)Starbase(STAR),"0.068565
USD"
(SPHR)Sphere(SPHR),"3.19
USD"
(EFYT)Ergo(EFYT),"7.22
USD"
(CDX)CommodityAdNetwork(CDX),"0.114768
USD"
(AMM)MicroMoney(AMM),"0.491660
USD"
(BTCZ)BitcoinZ(BTCZ),"0.006476
USD"
(BRX)BreakoutStake(BRX),"0.958969
USD"
(HEAT)HEAT(HEAT),"0.382796
USD"
(AIT)AICHAIN(AIT),"0.070418
USD"
(CANN)CannabisCoin(CANN),"0.083451
USD"
(EBCH)eBitcoinCash(EBCH),"0.111063
USD"
(VIDZ)PureVidz(VIDZ),"0.006144
USD"
(MONK)MonkeyProject(MONK),"7.61
USD"
(SPR)SpreadCoin(SPR),"0.490774
USD"
(EGC)EverGreenCoin(EGC),"0.315208
USD"
(BTM)Bitmark(BTM),"0.994072
USD"
(XPTX)PlatinumBAR(XPTX),"2.42
USD"
(STRC)StarCredits(STRC),"0.367185
USD"
(RLT)RouletteToken(RLT),"0.082649
USD"
(DAI)Dai(DAI),"1.00
USD"
(IETH)iEthereum(IETH),"0.066087
USD"
(SCL)Social(SCL),"0.441691
USD"
(ECASH)EthereumCash(ECASH),"0.106875
USD"
(GMT)MercuryProtocol(GMT),"0.067414
USD"
(CRM)Cream(CRM),"0.045449
USD"
(XVC)Vcash(XVC),"0.579907
USD"
(WDC)WorldCoin(WDC),"0.015564
USD"
(FLO)FlorinCoin(FLO),"0.090426
USD"
(EXCL)ExclusiveCoin(EXCL),"1.24
USD"
(SCT)Soma(SCT),"0.228560
USD"
(AIX)Aigang(AIX),"0.549663
USD"
(FOR)FORCE(FOR),"0.033169
USD"
(VTR)vTorrent(VTR),"0.633516
USD"
(ARC)ArcticCoin(ARC),"0.098851
USD"
(PROC)ProCurrency(PROC),"0.053199
USD"
(XFT)FootyCash(XFT),"0.622491
USD"
(TZC)TrezarCoin(TZC),"0.089973
USD"
(HWC)HollyWoodCoin(HWC),"4.91
USD"
(DOT)Dotcoin(DOT),"0.022680
USD"
(TX)TransferCoin(TX),"0.943473
USD"
(HAT)Hawala.Today(HAT),"8.01
USD"
(TIME)Chronobank(TIME),"19.15
USD"
(ASTRO)Astro(ASTRO),"3.20
USD"
(FJC)FujiCoin(FJC),"0.001270
USD"
(STN)SteneumCoin(STN),"0.468730
USD"
(LINDA)Linda(LINDA),"0.001896
USD"
(WAND)WandX(WAND),"0.337068
USD"
(CBX)CryptoBullion(CBX),"3.22
USD"
(NEWB)Newbium(NEWB),"0.015330
USD"
(GCN)GCNCoin(GCN),"0.000049
USD"
(MRJA)GanjaCoin(MRJA),"0.189631
USD"
(QWARK)Qwark(QWARK),"0.158990
USD"
(CCRB)CryptoCarbon(CCRB),"0.422549
USD"
(RMC)RussianMinerCoin(RMC),"8451.71
USD"
(DGC)Digitalcoin(DGC),"0.046962
USD"
(CHC)ChainCoin(CHC),"0.375426
USD"
(BTCS)BitcoinScrypt(BTCS),"0.120845
USD"
(XCXT)CoinonatX(XCXT),"0.064644
USD"
(LDOGE)LiteDoge(LDOGE),"0.000245
USD"
(SXUT)Spectre.aiUtilityToken(SXUT),"0.413325
USD"
(REC)Regalcoin(REC),"0.464088
USD"
(CRED)Verify(CRED),"0.734623
USD"
(ADC)AudioCoin(ADC),"0.006078
USD"
(IND)IndorseToken(IND),"0.100306
USD"
(DCY)Dinastycoin(DCY),"0.001632
USD"
(UNIFY)Unify(UNIFY),"0.102650
USD"
(VISIO)Visio(VISIO),"0.017951
USD"
(SPF)SportyCo(SPF),"0.241027
USD"
(RIYA)Etheriya(RIYA),"1.04
USD"
(LEV)Leverj(LEV),"0.088773
USD"
(ITT)IntelligentTradingTech(ITT),"0.290846
USD"
(FUNC)FUNCoin(FUNC),"0.168810
USD"
(RIC)Riecoin(RIC),"0.163683
USD"
(CRB)Creditbit(CRB),"0.384423
USD"
(AURA)AuroraDAO(AURA),"0.135732
USD"
(VRM)VeriumReserve(VRM),"4.93
USD"
(EFL)e-Gulden(EFL),"0.197106
USD"
(CJ)Cryptojacks(CJ),"0.003235
USD"
(XPD)PetroDollar(XPD),"0.011668
USD"
(ENT)Eternity(ENT),"0.202441
USD"
(PDC)ProjectDecorum(PDC),"0.081678
USD"
(NKA)IncaKoin(NKA),"0.000409
USD"
(INN)Innova(INN),"4.53
USD"
(MRT)Miners'RewardToken(MRT),"0.115642
USD"
(FLT)FlutterCoin(FLT),"0.004569
USD"
(FUCK)FuckToken(FUCK),"0.028872
USD"
(RC)RussiaCoin(RC),"1.36
USD"
(POLL)ClearPoll(POLL),"1.80
USD"
(GOOD)Goodomy(GOOD),"0.007999
USD"
(MZC)MazaCoin(MZC),"0.001714
USD"
(GAIA)GAIA(GAIA),"0.037779
USD"
(SIFT)SmartInvestmentFundToken(SIFT),"3.30
USD"
(LCT)LendConnect(LCT),"2.35
USD"
(ERO)Eroscoin(ERO),"0.047528
USD"
(RAIN)Condensate(RAIN),"0.027947
USD"
(BIGUP)BigUp(BIGUP),"0.000458
USD"
(PIX)Lampix(PIX),"0.072062
USD"
(SKC)Skeincoin(SKC),"0.123211
USD"
(ELTCOIN)ELTCOIN(ELTCOIN),"0.035584
USD"
(EVC)EventChain(EVC),"0.215747
USD"
(SNRG)Synergy(SNRG),"1.74
USD"
(XTO)Tao(XTO),"0.317656
USD"
(XLR)Solaris(XLR),"13.70
USD"
(FLIXX)Flixxo(FLIXX),"0.164585
USD"
(PLC)PlusCoin(PLC),"0.001412
USD"
(XBC)BitcoinPlus(XBC),"60.38
USD"
(BRIT)BritCoin(BRIT),"0.034932
USD"
(RNS)Renos(RNS),"0.048891
USD"
(FRD)Farad(FRD),"0.034402
USD"
(FRST)FirstCoin(FRST),"2.17
USD"
(HAC)HackspaceCapital(HAC),"0.034271
USD"
(GRWI)GrowersInternational(GRWI),"1.23
USD"
(CPAY)Cryptopay(CPAY),"0.123318
USD"
(DIVX)Divi(DIVX),"2.45
USD"
(TRI)Triangles(TRI),"11.03
USD"
(WHL)WhaleCoin(WHL),"0.128941
USD"
(RKC)RoyalKingdomCoin(RKC),"0.651822
USD"
(CFT)CryptoForecast(CFT),"0.019782
USD"
(MBRS)Embers(MBRS),"0.071639
USD"
(KLN)Kolion(KLN),"2.19
USD"
(QVT)Qvolta(QVT),"0.794191
USD"
(DYN)Dynamic(DYN),"2.18
USD"
(YOC)Yocoin(YOC),"0.028244
USD"
(PTC)Pesetacoin(PTC),"0.050784
USD"
(OPC)OPCoin(OPC),"0.044969
USD"
(BQ)bitqy(BQ),"0.004592
USD"
(ACC)AcceleratorNetwork(ACC),"8.62
USD"
(BCY)Bitcrystals(BCY),"0.418849
USD"
(TOA)ToaCoin(TOA),"0.006619
USD"
(DP)DigitalPrice(DP),"0.107340
USD"
(WISH)MyWish(WISH),"0.353886
USD"
(USNBT)NuBits(USNBT),"0.995543
USD"
(ZNY)Bitzeny(ZNY),"0.078209
USD"
(LANA)LanaCoin(LANA),"0.001877
USD"
(HPC)Happycoin(HPC),"0.072161
USD"
(MCAP)MCAP(MCAP),"0.479747
USD"
(SSS)Sharechain(SSS),"0.003668
USD"
(FLDC)FoldingCoin(FLDC),"0.021867
USD"
(ETG)EthereumGold(ETG),"0.115610
USD"
(CDN)CanadaeCoin(CDN),"0.019744
USD"
(GCC)TheGCCcoin(GCC),"0.007099
USD"
(BTDX)Bitcloud(BTDX),"0.391956
USD"
(TKR)CryptoInsight(TKR),"0.057664
USD"
(VIVO)VIVO(VIVO),"3.90
USD"
(SYNX)Syndicate(SYNX),"0.613349
USD"
(FC2)FuelCoin(FC2),"0.008078
USD"
(XLC)LeviarCoin(XLC),"0.164988
USD"
(MAC)Machinecoin(MAC),"0.056307
USD"
(DFS)DFSCoin(DFS),"0.077243
USD"
(OBITS)OBITS(OBITS),"0.774834
USD"
(MNE)Minereum(MNE),"0.428631
USD"

(ICOO)ICOOpenLedger(ICOO),"4.97
USD"
(MDC)Madcoin(MDC),"0.529263
USD"
(PBL)Publica(PBL),"0.551232
USD"
(SPRTS)Sprouts(SPRTS),"0.000004
USD"
(ADST)AdShares(ADST),"0.441001
USD"
(PHO)Photon(PHO),"0.000163
USD"
(REX)REX(REX),"0.727842
USD"
(ZEIT)Zeitcoin(ZEIT),"0.000160
USD"
(BPT)Blockport(BPT),"0.266879
USD"
(KRB)Karbo(KRB),"1.01
USD"
(OCL)Oceanlab(OCL),"0.060364
USD"
(HUSH)Hush(HUSH),"2.72
USD"
(1337)Elite(1337),"0.000287
USD"
(EVE)Devery(EVE),"0.128827
USD"
(APX)APX(APX),"6.59
USD"
(COVAL)CircuitsofValue(COVAL),"0.011097
USD"
(TRUST)TrustPlus(TRUST),"0.124761
USD"
(INSN)InsaneCoin(INSN),"0.087670
USD"
(XNN)Xenon(XNN),"0.041841
USD"
(SUR)Suretly(SUR),"8.64
USD"
(EVR)Everus(EVR),"0.193650
USD"
(ETBS)Ethbits(ETBS),"2.22
USD"
(CFD)Confido(CFD),"0.091255
USD"
(DSR)Desire(DSR),"1.28
USD"
(PAK)Pakcoin(PAK),"0.014769
USD"
(RUP)Rupee(RUP),"0.272950
USD"
(CPC)Capricoin(CPC),"0.563814
USD"
(XMCC)Monoeci(XMCC),"3.36
USD"
(AU)AurumCoin(AU),"5.83
USD"
(CNT)Centurion(CNT),"0.031007
USD"
(BON)Bonpay(BON),"0.518590
USD"
(NYC)NewYorkCoin(NYC),"0.000091
USD"
(ACE)Ace(ACE),"0.361421
USD"
(BITS)Bitstar(BITS),"0.041696
USD"
(FYP)FlypMe(FYP),"0.380736
USD"
(TFL)TrueFlip(TFL),"0.851526
USD"
(MOJO)MojoCoin(MOJO),"0.073543
USD"
(EDR)E-DinarCoin(EDR),"0.014872
USD"
(ANC)Anoncoin(ANC),"1.63
USD"
(UFO)UFOCoin(UFO),"0.002693
USD"
(BUZZ)BuzzCoin(BUZZ),"0.000407
USD"
(DAR)Darcrus(DAR),"0.203665
USD"
(HYP)HyperStake(HYP),"0.007295
USD"
(CREA)Creativecoin(CREA),"0.373836
USD"
(MCRN)MACRON(MCRN),"0.003998
USD"
(INCNT)Incent(INCNT),"0.271575
USD"
(SXC)Sexcoin(SXC),"0.031667
USD"
(CL)Coinlancer(CL),"0.110303
USD"
(ODN)Obsidian(ODN),"0.440901
USD"
(HBC)HomeBlockCoin(HBC),"1.34
USD"
(OPT)Opus(OPT),"0.032868
USD"
(XMG)Magi(XMG),"0.397753
USD"
(SKIN)SkinCoin(SKIN),"0.021665
USD"
(GUN)Guncoin(GUN),"0.004733
USD"
(BRK)Breakout(BRK),"0.342724
USD"
(PIGGY)Piggycoin(PIGGY),"0.002274
USD"
(EBET)EthBet(EBET),"0.203507
USD"
(VSX)Vsync(VSX),"0.030249
USD"
(DOVU)Dovu(DOVU),"0.195043
USD"
(CMPCO)CampusCoin(CMPCO),"0.006725
USD"
(B2B)B2B(B2B),"0.613613
USD"
(GET)GETProtocol(GET),"1.06
USD"
D"
(AMS)AmsterdamCoin(AMS),"0.013871
USD"
(ABY)ArtByte(ABY),"0.011971
USD"
(GLD)GoldCoin(GLD),"0.143242
USD"
(XGOX)XGOX(XGOX),"0.003893
USD"
(CAG)Change(CAG),"0.324878
USD"
(DAY)Chronologic(DAY),"5.59
USD"
(OPAL)Opal(OPAL),"0.053038
USD"
(PKB)ParkByte(PKB),"0.833020
USD"
(PLAY)HEROcoin(PLAY),"0.066271
USD"
(ZET)Zetacoin(ZET),"0.008242
USD"
(MEC)Megacoin(MEC),"0.035304
USD"
(ABJ)Abjcoin(ABJ),"0.334464
USD"
(NVC)Novacoin(NVC),"4.16
USD"
(UNB)UnbreakableCoin(UNB),"0.826819
USD"
(Q2C)QubitCoin(Q2C),"0.003835
USD"
(TIPS)FedoraCoin(TIPS),"0.000015
USD"
(ZENI)Zennies(ZENI),"0.001713
USD"
(ERC)EuropeCoin(ERC),"0.715847
USD"
(DRXNE)DROXNE(DRXNE),"0.016646
USD"
(PRIX)Privatix(PRIX),"5.26
USD"
(MOIN)Moin(MOIN),"0.307425
USD"
(PBT)PrimalbaseToken(PBT),"3079.81
USD"
(PINK)PinkCoin(PINK),"0.026067
USD"
(TKS)Tokes(TKS),"3.19
USD"
(GIM)Gimli(GIM),"0.034118
USD"
(INFX)Influxcoin(INFX),"0.773478
USD"
(BDL)Bitdeal(BDL),"0.053780
USD"
(NTO)Fujinto(NTO),"0.007309
USD"
(BYC)Bytecent(BYC),"0.798668
USD"
(888)OctoCoin(888),"0.011097
USD"
(LEA)LeaCoin(LEA),"0.000979
USD"
(ATS)Authorship(ATS),"0.017170
USD"
(ELLA)Ellaism(ELLA),"0.738172
USD"
(MOTO)Motocoin(MOTO),"0.037045
USD"
(HERO)SovereignHero(HERO),"166.97
USD"
(SUMO)Sumokoin(SUMO),"2.89
USD"
(MXT)MarteXcoin(MXT),"1.54
USD"
(KBR)KuberaCoin(KBR),"0.016340
USD"
(INXT)Internxt(INXT),"10.55
USD"
(DEM)DeutscheeMark(DEM),"0.027546
USD"
(PFR)Payfair(PFR),"0.093803
USD"
(UTC)UltraCoin(UTC),"0.024071
USD"
(STA)Starta(STA),"1.12
USD"
(DAXX)DaxxCoin(DAXX),"0.001306
USD"
(ARCO)AquariusCoin(ARCO),"0.261109
USD"
(ADZ)Adzcoin(ADZ),"0.069641
USD"
(RBT)Rimbit(RBT),"0.004488
USD"
(ONG)onG.social(ONG),"0.450567
USD"
(ZRC)ZrCoin(ZRC),"1.38
USD"
(SCORE)Scorecoin(SCORE),"0.040798
USD"
(QBIC)Qbic(QBIC),"10.68
USD"
(PURE)Pure(PURE),"1.21
USD"
(DDF)DigitalDevelopersFund(DDF),"0.092615
USD"
(BITGOLD)bitGold(BITGOLD),"1672.82
USD"
(SMC)SmartCoin(SMC),"0.054180
USD"
(EAC)EarthCoin(EAC),"0.000798
USD"
(AIB)AdvancedInternetBlocks(AIB),"0.012110
USD"
(STU)bitJob(STU),"0.056608
USD"
(LNK)LinkPlatform(LNK),"95.74
USD"
(ELE)Elementrem(ELE),"0.065277
USD"
(ERY)Eryllium(ERY),"0.043951
USD"
(FST)Fastcoin(FST),"0.011913
USD"
(HBN)HoboNickels(HBN),"0.012321
USD"
(NUKO)Nekonium(NUKO),"0.076456
USD"
(WTT)GigaWattToken(WTT),"1.21
USD"
(SDRN)Senderon(SDRN),"0.015340
USD"
(BNX)BnrtxCoin(BNX),"0.004651
USD"
(ALT)Altcoin(ALT),"35.80
USD"
(REAL)REAL(REAL),"0.571522
USD"
(MBI)MonsterByte(MBI),"0.080788
USD"
(DOLLAR)DollarOnline(DOLLAR),"0.046510
USD"
(XCRE)Creatio(XCRE),"0.008901
USD"
(EBST)eBoost(EBST),"0.249604
USD"
(ZEPH)Zephyr(ZEPH),"0.026772
USD"
(EL)Elcoin(EL),"0.077844
USD"
(VLTC)VaultCoin(VLTC),"0.000286
USD"
(SRC)SecureCoin(SRC),"0.111885
USD"
(HNC)Helleniccoin(HNC),"0.006280
USD"
(ADL)Adelphoi(ADL),"0.155472
USD"
(DNR)Denarius(DNR),"1.71
USD"
(GTC)GlobalTourCoin(GTC),"0.008241
USD"
(DIX)DixAsset(DIX),"0.000003
USD"
(LBTC)LiteBitcoin(LBTC),"0.009873
USD"
(UNY)UnityIngot(UNY),"0.002302
USD"
(POP)PopularCoin(POP),"0.000496
USD"
(SLG)Sterlingcoin(SLG),"0.153528
USD"
(FCN)Fantomcoin(FCN),"0.138714
USD"
(LTB)LiteBar(LTB),"0.660851
USD"
(RUSTBITS)Rustbits(RUSTBITS),"0.045409
USD"
(NET)NetCoin(NET),"0.001714
USD"
(ERC20)ERC20(ERC20),"0.001401
USD"
(XBL)BillionaireToken(XBL),"0.208983
USD"
(GLT)GlobalToken(GLT),"0.028221
USD"
(AMMO)AmmoReloaded(AMMO),"0.008160
USD"
(KOBO)Kobocoin(KOBO),"0.043887
USD"
(PYLNT)PylonNetwork(PYLNT),"12.61
USD"
(BTWTY)Bit20(BTWTY),"855,670
USD"
(ICE)iDice(ICE),"0.019990
USD"
(GP)GoldPieces(GP),"0.107381
USD"
(XCO)X-Coin(XCO),"0.014606
USD"
(42)42-coin(42),"70733.50
USD"
(FYN)FundYourselfNow(FYN),"3.94
USD"
(EXRN)EXRNchain(EXRN),"0.000045
USD"
(NDC)NEVERDIE(NDC),"0.065769
USD"
(BITBTC)bitBTC(BITBTC),"9478.40
USD"
(SUPER)SuperCoin(SUPER),"0.010852
USD"
(VAL)Valorbit(VAL),"0.000071
USD"
(VSL)vSlice(VSL),"0.104852
USD"
(UNITS)GameUnits(UNITS),"0.097590
USD"
(VOT)VoteCoin(VOT),"0.014940
USD"
(COAL)BitCoal(COAL),"0.060739
USD"
(FNC)FinCoin(FNC),"0.025006
USD"
(HODL)HOdlcoin(HODL),"0.007507
USD"
(MAO)MaoZedong(MAO),"0.037685
USD"
(TALK)BTCtalkcoin(TALK),"0.009846
USD"
(NRO)Neuro(NRO),"0.003998
USD"
(TEK)TEKcoin(TEK),"0.000326
USD"
(NYAN)Nyancoin(NYAN),"0.002883
USD"
(BLAS)BlakeStar(BLAS),"0.004763
USD"
(CCO)Ccore(CCO),"0.476720
USD"
(EMV)EthereumMovieVenture(EMV),"0.234304
USD"
(PRX)Printerium(PRX),"0.007752
USD"
(CALC)CaliphCoin(CALC),"0.000979
USD"
(ACOIN)Acoin(ACOIN),"0.147363
USD"
(LVPS)LevoPlus(LVPS),"0.015258
USD"
(BBP)BiblePay(BBP),"0.002001
USD"
(SPACE)SpaceCoin(SPACE),"0.018441
USD"
(GB)GoldBlocks(GB),"0.056532
USD"
(IMS)IndependentMoneySystem(IMS),"0.059321
USD"
(CCT)CrystalClear(CCT),"0.122994
USD"
(SGR)SugarExchange(SGR),"0.191331
USD"
(SONG)SongCoin(SONG),"0.003917
USD"
(IXC)Ixcoin(IXC),"0.163429
USD"
(KUSH)KushCoin(KUSH),"0.115786
USD"
(GPL)GoldPressedLatinum(GPL),"0.556489
USD"
(QCN)QuazarCoin(QCN),"0.032639
USD"
(SOON)SoonCoin(SOON),"0.026600
USD"
(DIBC)DIBCOIN(DIBC),"0.054526
USD"
(QTL)Quatloo(QTL),"0.031823
USD"
(MND)MindCoin(MND),"0.004463
USD"
(ICN)iCoin(ICN),"0.017638
USD"
(WAY)WayGuide(WAY),"0.004179
USD"
(TAJ)TajCoin(TAJ),"0.014851
USD"
(BSTAR)Blackstar(BSTAR),"0.000071
USD"
(TROLL)Trollcoin(TROLL),"0.001590
USD"
(DES)Destiny(DES),"0.020472
USD"
(ROC)RasputinOnlineCoin(ROC),"1.33
USD"
(GPU)GPUCoin(GPU),"0.004569
USD"
(ZCG)Zlancer(ZCG),"0.229710
USD"

(808)808Coin(808),"0.000144
USD"
(HMC)HarmonyCoin(HMC),"0.006283
USD"
(OFF)CthulhuOfferings(OFF),"0.068215
USD"
(ATX)ArtexCoin(ATX),"0.004842
USD"
(XCT)C-Bit(XCT),"0.002915
USD"
(FUZZ)FuzzBalls(FUZZ),"0.037779
USD"
(PR)Prototanium(PR),"3.99
USD"
(DUO)ParallelCoin(DUO),"0.999559
USD"
(SDC)ShadowCash(SDC),"0.205495
USD"

(ATOM)AtomicCoin(ATOM),"0.044882
USD"
(OTX)Octanox(OTX),"0.101180
USD"
(LOG)Woodcoin(LOG),"0.110155
USD"
(XJO)Joulecoin(XJO),"0.019012
USD"
(BUCKS)SwagBucks(BUCKS),"1.80
USD"
(CARBON)Carboncoin(CARBON),"0.000220
USD"
(CTO)Crypto(CTO),"0.020889
USD"
(CNO)Coin(O)(CNO),"0.005385
USD"

(MAR)Marijuanacoin(MAR),"0.105341
USD"
BC)GBCGoldCoin(GBC),"0.006217
USD"
(YAC)Yacoin(YAC),"0.001133
USD"
(BENJI)BenjiRolls(BENJI),"0.006279
USD"
(CF)Californium(CF),"0.036055
USD"
(BAS)BitAsean(BAS),"0.042750
USD"
(DMB)DigitalMoneyBits(DMB),"0.005059
USD"
(RBIES)Rubies(RBIES),"0.031741
USD"
(CASH)Cashcoin(CASH),"0.010608
USD"
(RPC)RonPaulCoin(RPC),"0.245524
USD"
(YTN)YENTEN(YTN),"0.091796
USD"
(PRC)PRCoin(PRC),"0.001550
USD"
(PONZI)PonziCoin(PONZI),"0.066798
USD"
(XOC)Xonecoin(XOC),"0.077778
USD"
(BASH)LuckChain(BASH),"0.004733
USD"
(POS)PoSToken(POS),"0.581423
USD"
(TRUE)TrueChain(TRUE),"0.800397
USD"

"
(VPRC)VapersCoin(VPRC),"0.000163
USD"
(300)300Token(300),"1279.45
USD"
(ASAFE2)AllSafe(ASAFE2),"0.055486
USD"
(APW)AppleCoin(APW),"0.000082
USD"
(CXT)Coinonat(CXT),"0.019453
USD"
(WGO)WavesGo(WGO),"0.092592
USD"
(ORB)Orbitcoin(ORB),"0.402679
USD"
(ETHD)EthereumDark(ETHD),"0.416314
USD"
(PHS)PhilosopherStones(PHS),"0.065767
USD"
(EUC)Eurocoin(EUC),"0.021542
USD"
(EMD)EmeraldCrypto(EMD),"0.016727
USD"
(P7C)P7Coin(P7C),"0.000496
USD"
(ALTCOM)SONO(ALTCOM),"0.864200
USD"
(VEC2)VectorAI(VEC2),"0.005100
USD"
(FRC)Freicoin(FRC),"0.007099
USD"
(BITSILVER)bitSilver(BITSILVER),"24.54
USD"
(AGLC)AgrolifeCoin(AGLC),"0.003182
USD"
(BBT)BitBoost(BBT),"0.272123
USD"
(XPY)PayCoin(XPY),"0.042593
USD"
(RSGP)RSGPcoin(RSGP),"18.42
USD"
(XVP)Virtacoinplus(XVP),"0.028125
USD"
(PIZZA)PizzaCoin(PIZZA),"0.001632
USD"
(FIRE)Firecoin(FIRE),"1.78
USD"
(ICOB)ICOBID(ICOB),"0.002040
USD"
(HXX)Hexx(HXX),"0.202115
USD"
(TSE)Tattoocoin(StandardEdition)(TSE),"0.006446
USD"
(SAGA)SagaCoin(SAGA),"2.81
USD"
(NANOX)Project-X(NANOX),"218,773
USD"
(BOAT)BOAT(BOAT),"0.003753
USD"
(SHORTY)Shorty(SHORTY),"0.011900
USD"
(POST)PostCoin(POST),"0.023822
USD"
(SLEVIN)Slevin(SLEVIN),"0.000571
USD"
(SFC)Solarflarecoin(SFC),"0.008391
USD"
(ROOFS)Roofs(ROOFS),"0.001224
USD"
(SWING)Swing(SWING),"0.131371
USD"
(BIS)Bismuth(BIS),"2.29
USD"
(UNIC)UniCoin(UNIC),"0.277429
USD"
(JS)JavaScriptToken(JS),"0.012888
USD"
(RIDE)RideMyCar(RIDE),"0.000567
USD"
(EXN)ExchangeN(EXN),"0.016471
USD"
(ZUR)Zurcoin(ZUR),"0.002338
USD"
(MAY)TheresaMayCoin(MAY),"0.004406
USD"
(REE)ReeCoin(REE),"0.000104
USD"
(LET)LinkEye(LET),"0.073771
USD"
(PXI)Prime-XI(PXI),"0.024071
USD"
(BLC)Blakecoin(BLC),"0.035250
USD"
(ARGUS)Argus(ARGUS),"0.022177
USD"
(IFLT)InflationCoin(IFLT),"0.000082
USD"
(CYP)Cypher(CYP),"0.045973
USD"
(BTG)Bitgem(BTG),"6.04
USD"
(URO)Uro(URO),"0.046823
USD"
(B@)Bankcoin(B@),"0.105225
USD"
(CV2)ColossuscoinV2(CV2),"0.000213
USD"
(PXC)Phoenixcoin(PXC),"0.009710
USD"
(NSR)NuShares(NSR),"0.005793
USD"
(JNT)JibrelNetwork(JNT),"0.612875
USD"
(EREAL)eREAL(EREAL),"0.002878
USD"
(MILO)MiloCoin(MILO),"0.007752
USD"
(BLN)Bolenum(BLN),"0.015830
USD"
(RUPX)Rupaya(RUPX),"0.048958
USD"
(ALTC)Antilitecoin(ALTC),"0.000496
USD"
(KRONE)Kronecoin(KRONE),"0.023803
USD"
(SPEX)SproutsExtreme(SPEX),"0.000071
USD"
(CRT)CRTCoin(CRT),"0.391664
USD"
(PEX)PosEx(PEX),"0.016292
USD"
(SH)Shilling(SH),"0.012042
USD"
(EOT)EOTToken(EOT),"0.022544
USD"
(EBT)EbittreeCoin(EBT),"0.001306
USD"
(HTC)HitCoin(HTC),"0.000071
USD"
(DALC)Dalecoin(DALC),"0.574885
USD"
(TOKC)TOKYO(TOKC),"0.004851
USD"
(SAC)SACoin(SAC),"0.024561
USD"
(DBTC)Debitcoin(DBTC),"0.005712
USD"
(BERN)BERNcash(BERN),"0.005467
USD"
(METAL)MetalCoin(METAL),"0.013813
USD"
(DFT)DraftCoin(DFT),"1.05
USD"
(XRA)Ratecoin(XRA),"0.004406
USD"
(BTSR)BTSR(BTSR),"0.087141
USD"
(GRIM)Grimcoin(GRIM),"0.006255
USD"
(FLAX)Flaxscript(FLAX),"0.023989
USD"
(CTIC3)Coimatic3.0(CTIC3),"0.011270
USD"
(GEERT)GeertCoin(GEERT),"0.010979
USD"
(J)Joincoin(J),"0.163193
USD"
(BTCR)Bitcurrency(BTCR),"0.004534
USD"
(ABN)Abncoin(ABN),"0.023581
USD"
(BCF)BitcoinFast(BCF),"0.078496
USD"
(CTIC2)Coimatic2.0(CTIC2),"0.001142
USD"
(IBANK)iBank(IBANK),"0.006729
USD"
(BSC)BowsCoin(BSC),"0.007154
USD"
(EVO)Evotion(EVO),"0.065277
USD"
(STK)STK(STK),"0.239128
USD"
(KAYI)Kayicoin(KAYI),"0.001062
USD"
(BXT)BitTokens(BXT),"1.07
USD"
(CWXT)CryptoWorldXToken(CWXT),"0.001133
USD"
(UET)UselessEthereumToken(UET),"0.026308
USD"
(ARB)ARbit(ARB),"0.010059
USD"
(RED)RedCoin(RED),"0.006854
USD"
(CNNC)Cannation(CNNC),"0.081603
USD"
(MAD)SatoshiMadness(MAD),"0.000142
USD"
(BTPL)BitcoinPlanet(BTPL),"0.043083
USD"
(8BIT)8Bit(8BIT),"0.380424
USD"
(HKN)Hacken(HKN),"3.17
USD"
(LUNA)LunaCoin(LUNA),"0.078243
USD"
(EAGLE)EagleCoin(EAGLE),"0.075540
USD"
(COUPE)Coupecoin(COUPE),"0.000109
USD"
(BRAIN)Braincoin(BRAIN),"0.009988
USD"
(CHESS)ChessCoin(CHESS),"0.007181
USD"
(ISL)IslaCoin(ISL),"0.113338
USD"
(ETT)EncryptoTel[WAVES](ETT),"0.047314
USD"
(BTB)BitBar(BTB),"28.97
USD"
(TGC)Tigercoin(TGC),"0.011179
USD"
(LCP)LitecoinPlus(LCP),"0.348989
USD"
(PULSE)Pulse(PULSE),"0.003896
USD"
(ATMC)ATMCoin(ATMC),"6.77
USD"
(BOLI)Bolivarcoin(BOLI),"0.048037
USD"
(JNS)Janus(JNS),"0.032336
USD"
(PGL)ProspectorsGold(PGL),"0.113501
USD"
(CONX)Concoin(CONX),"0.018899
USD"
(BITZ)Bitz(BITZ),"0.276261
USD"
(FRK)Franko(FRK),"0.210383
USD"
(ICON)Iconic(ICON),"0.111992
USD"
(STARS)StarCashNetwork(STARS),"0.321164
USD"
(LTCR)Litecred(LTCR),"0.000898
USD"
(PCOIN)PioneerCoin(PCOIN),"0.246422
USD"
(CMT)Comet(CMT),"0.176820
USD"
(G3N)G3N(G3N),"0.005242
USD"
(ACP)AnarchistsPrime(ACP),"0.011498
USD"
(XBTS)Beatcoin(XBTS),"0.130718
USD"
(TRK)Truckcoin(TRK),"0.003590
USD"
(HT)HuobiToken(HT),"1.36
USD"
(XRC)Rawcoin(XRC),"0.033359
USD"
(SHDW)ShadowToken(SHDW),"0.061954
USD"
(INPAY)InPay(INPAY),"0.102667
USD"
(611)SixEleven(611),"0.591576
USD"
(BPC)BitparkCoin(BPC),"0.009661
USD"
(VLT)Veltor(VLT),"0.239638
USD"
(BLOCKPAY)BlockPay(BLOCKPAY),"0.088625
USD"
(RUFF)Ruff(RUFF),"0.118291
USD"
(LTCU)LiteCoinUltra(LTCU),"0.104199
USD"
(MTLMC3)MetalMusicCoin(MTLMC3),"0.000992
USD"
(FIMK)FIMKrypto(FIMK),"0.005070
USD"
(VUC)VirtaUniqueCoin(VUC),"0.002774
USD"
(ZMC)ZetaMicron(ZMC),"0.000163
USD"
(VC)VirtualCoin(VC),"0.038514
USD"
(ELA)Elastos(ELA),"58.94
USD"
(CCN)CannaCoin(CCN),"0.073355
USD"
(ZYD)Zayedcoin(ZYD),"0.010484
USD"
(AMBER)AmberCoin(AMBER),"0.012396
USD"
(BTQ)BitQuark(BTQ),"0.029620
USD"
(HVCO)HighVoltage(HVCO),"0.016859
USD"
(ZZC)ZoZoCoin(ZZC),"0.828741
USD"
(MNM)Mineum(MNM),"0.049448
USD"
(KED)Darsek(KED),"0.011423
USD"
(CHIPS)CHIPS(CHIPS),"0.311918
USD"
(KNC)KingNCoin(KNC),"19.68
USD"
(V)Version(V),"0.005467
USD"
(CPN)CompuCoin(CPN),"0.009628
USD"
(XBTC21)Bitcoin21(XBTC21),"0.167537
USD"
(TIT)Titcoin(TIT),"0.013871
USD"
(CHAN)ChanCoin(CHAN),"0.059271
USD"
(MSCN)MasterSwiscoin(MSCN),"0.001988
USD"
(DRS)DigitalRupees(DRS),"0.000326
USD"
(FXE)FuturXe(FXE),"0.090072
USD"
(WBB)WildBeastBlock(WBB),"0.273002
USD"
(TOPC)TopChain(TOPC),"0.057108
USD"
(MGM)Magnum(MGM),"0.003427
USD"
(XRE)RevolverCoin(XRE),"0.016809
USD"
(MST)MustangCoin(MST),"0.405613
USD"
(I0C)I0Coin(I0C),"0.047489
USD"
(DTA)DATA(DTA),"0.022555
USD"
(BITEUR)bitEUR(BITEUR),"1.41
USD"
(CUBE)DigiCube(CUBE),"0.000245
USD"
(SIGT)Signatum(SIGT),"0.004959
USD"
(BSTY)GlobalBoost-Y(BSTY),"0.021876
USD"
(BUMBA)BumbaCoin(BUMBA),"0.015098
USD"
(BLRY)BillaryCoin(BLRY),"0.008784
USD"
(BCD)BitcoinDiamond(BCD),"36.36
USD"
(WORM)HealthyWormCoin(WORM),"0.000571
USD"
(MARS)Marscoin(MARS),"0.016156
USD"
(GCC)GuccioneCoin(GCC),"0.004817
USD"
(ELS)Elysium(ELS),"0.006201
USD"
(NTWK)NetworkToken(NTWK),"0.015758
USD"
(TRDT)TridentGroup(TRDT),"0.446986
USD"
(BRAT)BROTHER(BRAT),"0.001553
USD"
(BRIA)BriaCoin(BRIA),"0.400100
USD"
(YEL)YellowToken(YEL),"0.016434
USD"
(USC)UltimateSecureCash(USC),"0.188070
USD"
(QBC)Quebecoin(QBC),"0.044981
USD"
(JOBS)JobsCoin(JOBS),"0.000354
USD"
(SMT)SmartMesh(SMT),"0.064218
USD"
(SANDG)SaveandGain(SANDG),"0.004066
USD"
(ECO)EcoCoin(ECO),"0.139367
USD"
(PLACO)PlayerCoin(PLACO),"0.001387
USD"
(URC)Unrealcoin(URC),"0.006942
USD"
(HAL)Halcyon(HAL),"0.179513
USD"
(AERM)Aerium(AERM),"0.013073
USD"
(BCX)BitcoinX(BCX),"0.009555
USD"
(XGR)GoldReserve(XGR),"0.019583
USD"
(VTA)Virtacoin(VTA),"0.001026
USD"
(DLISK)DAPPSTER(DLISK),"0.000779
USD"
(TAG)TagCoin(TAG),"0.047326
USD"
(PLNC)PLNcoin(PLNC),"0.003754
USD"
(JIN)JinCoin(JIN),"0.013055
USD"
(GAP)Gapcoin(GAP),"0.034842
USD"
(ARG)Argentum(ARG),"0.066559
USD"
(COXST)CoExistCoin(COXST),"0.003560
USD"
(NKC)Nework(NKC),"0.052787
USD"
(CRX)Chronos(CRX),"0.007181
USD"
(BXC)Bitcedi(BXC),"0.025213
USD"
(NEVA)NevaCoin(NEVA),"0.071723
USD"
(BIOB)BioBar(BIOB),"0.027909
USD"
(OF)OFCOIN(OF),"0.003816
USD"
(XHI)HiCoin(XHI),"0.003101
USD"
(SPT)Spots(SPT),"0.005793
USD"
(CXO)CargoX(CXO),"0.123029
USD"
($$$)Money($$$),"0.002937
USD"
(HMP)HempCoin(HMP),"0.000071
USD"
(DSH)Dashcoin(DSH),"0.029856
USD"
(EGO)EGO(EGO),"0.001063
USD"
(UNI)Universe(UNI),"0.063752
USD"
(ONX)Onix(ONX),"0.015830
USD"
(TKY)THEKEY(TKY),"0.028669
USD"
(MNC)Mincoin(MNC),"0.062506
USD"
(VIP)VIPTokens(VIP),"0.000921
USD"
(CREVA)CrevaCoin(CREVA),"0.000490
USD"
(BIP)BipCoin(BIP),"0.098242
USD"
(FLY)Flycoin(FLY),"3.19
USD"
(VOLT)Bitvolt(VOLT),"0.001558
USD"
(STEPS)Steps(STEPS),"0.001983
USD"
(PING)CryptoPing(PING),"0.379116
USD"
(GSR)GeyserCoin(GSR),"0.219946
USD"
(EGAS)ETHGAS(EGAS),"0.018909
USD"
(WOMEN)WomenCoin(WOMEN),"0.001061
USD"
(HONEY)Honey(HONEY),"0.592330
USD"
(C2)Coin2.1(C2),"0.004651
USD"
(AAC)AcuteAngleCloud(AAC),"0.158342
USD"
(PIPL)PiplCoin(PIPL),"0.021008
USD"
(ZLA)Zilla(ZLA),"0.324825
USD"
(HLC)HalalChain(HLC),"0.362224
USD"
(TOR)Torcoin(TOR),"0.152341
USD"
(MOAC)MOAC(MOAC),"12.36
USD"
(MOF)MolecularFuture(MOF),"0.324381
USD"
(SPC)SpaceChain(SPC),"0.199900
USD"
(DLC)Dollarcoin(DLC),"0.027768
USD"
(PX)PX(PX),"0.003542
USD"
(TYCHO)Tychocoin(TYCHO),"0.012566
USD"
(MOBI)Mobius(MOBI),"0.192886
USD"
(REGA)Regacoin(REGA),"0.002040
USD"
(COFI)CoinFi(COFI),"0.136121
USD"
(GBG)GolosGold(GBG),"0.101916
USD"
(CON)PayCon(CON),"0.008323
USD"
(KZC)Kzcash(KZC),"3.24
USD"
(CMP)Compcoin(CMP),"13.07
USD"
(GNX)GenaroNetwork(GNX),"0.394198
USD"
(VRS)Veros(VRS),"0.000095
USD"
(PIE)PIECoin(PIE),"0.006800
USD"
(RBX)RiptoBux(RBX),"0.000246
USD"
(NODC)NodeCoin(NODC),"0.005809
USD"
(MTN)Medicalchain(MTN),"0.385562
USD"
(OC)OceanChain(OC),"0.011793
USD"
(JWL)Jewels(JWL),"0.006304
USD"
(CFUN)CFun(CFUN),"0.029099
USD"
(ORE)Galactrum(ORE),"3.30
USD"
(ZNE)Zonecoin(ZNE),"0.014096
USD"
(CESC)CryptoEscudo(CESC),"0.000326
USD"
(REF)RefToken(REF),"22.54
USD"
(PEC)Peacecoin(PEC),"0.017951
USD"
(ULA)Ulatech(ULA),"0.046837
USD"
(SDP)SydPak(SDP),"0.114816
USD"
(XIN)InfinityEconomics(XIN),"0.013382
USD"
(SOIL)SOILcoin(SOIL),"0.025621
USD"
(LBTC)LightningBitcoin[Futures](LBTC),"312.78
USD"
(BLT)BitcoinLightning(BLT),"6.00
USD"
(IMX)Impact(IMX),"0.001714
USD"
(GARY)PresidentJohnson(GARY),"0.105912
USD"
(WARP)WARP(WARP),"0.066820
USD"
(B2X)SegWit2x(B2X),"11.62
USD"
(UNC)UNCoin(UNC),"0.000082
USD"
(XIOS)Xios(XIOS),"0.160268
USD"
(PCS)PabyosiCoin(Special)(PCS),"0.156818
USD"
(CRAVE)Crave(CRAVE),"0.481735
USD"
(AWR)AWARE(AWR),"0.024579
USD"
(TAGR)TAGRcoin(TAGR),"0.001558
USD"
(PRN)Protean(PRN),"0.000055
USD"
(SOJ)Sojourn(SOJ),"0.259594
USD"
4
USD"
(IMPS)ImpulseCoin(IMPS),"0.001771
USD"
(XIN)Mixin(XIN),"973.98
USD"
(ORLY)Orlycoin(ORLY),"0.001275
USD"
(AIDOC)AIDoctor(AIDOC),"0.075149
USD"
(THS)TechShares(THS),"0.413893
USD"
(MVC)MaverickChain(MVC),"0.080699
USD"
(BOS)BOScoin(BOS),"0.667092
USD"
(ACN)Avoncoin(ACN),"0.000653
USD"
(BIT)FirstBitcoin(BIT),"0.039330
USD"
(HC)HarvestMasternodeCoin(HC),"1.27
USD"
(FRN)Francs(FRN),"0.056383
USD"
(BSR)BitSoar(BSR),"0.163275
USD"
(BTW)BitcoinWhite(BTW),"0.253338
USD"
(EAG)EACoin(EAG),"0.897921
USD"
(MAGN)Magnetcoin(MAGN),"0.416143
USD"
(TURBO)TurboCoin(TURBO),"0.000082
USD"
(QBT)Cubits(QBT),"0.007915
USD"
(XAU)Xaucoin(XAU),"0.036835
USD"
(SCS)Speedcash(SCS),"0.354889
USD"
(CME)Cashme(CME),"0.000150
USD"
(XID)InternationalDiamond(XID),"0.003195
USD"
(SSC)SelfSell(SSC),"0.093942
USD"
(WIC)WiCoin(WIC),"0.003167
USD"
(XTZ)Tezos(Pre-Launch)(XTZ),"2.63
USD"
(NBIT)netBit(NBIT),"0.019338
USD"
(CAN)ContentandADNetwork(CAN),"0.034179
USD"
(COR)CORION(COR),"0.648367
USD"
(CSC)CasinoCoin(CSC),"0.001550
USD"
(RMC)Remicoin(RMC),"0.065930
USD"
(SLFI)Selfiecoin(SLFI),"0.000071
USD"
(BIOS)BiosCrypto(BIOS),"0.001700
USD"
(WIC)WaykiChain(WIC),"0.359993
USD"
(ARCT)ArbitrageCT(ARCT),"0.020495
USD"
(EKT)EDUCare(EKT),"0.119009
USD"
(CMS)COMSA[ETH](CMS),"1.17
USD"
(FRGC)Fargocoin(FRGC),"8.62
USD"
(SFE)SafeCoin(SFE),"0.000082
USD"
(DBG)DigitalBullionGold(DBG),"0.002250
USD"
(ING)Iungo(ING),"0.323464
USD"
(BTC2X)Bitcoin2x(BTC2X),"0.003535
USD"
(MEE)CoinMeet(MEE),"0.080588
USD"
(CHAT)ChatCoin(CHAT),"0.287850
USD"
(MARX)MarxCoin(MARX),"0.002693
USD"
(CCM100)CCMiner(CCM100),"0.002164
USD"
(RHFC)RHFCoin(RHFC),"0.000898
USD"
(UTA)UtaCoin(UTA),"0.000445
USD"
(HMC)HealthMutualSociety(HMC),"0.071998
USD"
(ZENGOLD)ZenGold(ZENGOLD),"0.050835
USD"
(TRICK)TrickyCoin(TRICK),"0.009705
USD"
(PNX)Phantomx(PNX),"0.117100
USD"
(SWTC)JingtumTech(SWTC),"0.011622
USD"
(HALLO)HalloweenCoin(HALLO),"0.000408
USD"
(YES)Yescoin(YES),"0.000071
USD"
(RYZ)ANRYZE(RYZ),"0.012974
USD"
(X2)X2(X2),"0.000213
USD"
(PRS)PressOne(PRS),"0.790509
USD"
(XSTC)SafeTradeCoin(XSTC),"0.001224
USD"
(FC)Facecoin(FC),"0.001883
USD"
(VASH)VPNCoin(VASH),"0.003264
USD"
(UBTC)UnitedBitcoin(UBTC),"89.42
USD"
(TELL)Tellurion(TELL),"0.000996
USD"
(UTT)UnitedTradersToken(UTT),"0.735675
USD"
(FIL)Filecoin[Futures](FIL),"20.73
USD"
(AID)AidCoin(AID),"0.279798
USD"
(ASN)Aseancoin(ASN),"0.009792
USD"
(SKR)Sakuracoin(SKR),"0.004896
USD"
(MCI)Musiconomi(MCI),"0.095794
USD"
(FBL)Faceblock(FBL),"0.003298
USD"
(IRL)IrishCoin(IRL),"0.013627
USD"
(LEPEN)LePen(LEPEN),"0.000071
USD"
(MAN)MatrixAINetwork(MAN),"0.601772
USD"
(TLE)Tattoocoin(LimitedEdition)(TLE),"1.97
USD"
(YEE)Yee(YEE),"0.024864
USD"
(BSN)Bastonet(BSN),"0.001061
USD"
(BKX)Bankex(BKX),"0.900289
USD"
(HCC)HappyCreatorCoin(HCC),"0.000071
USD"
(CRPT)Crypterium(CRPT),"0.805080
USD"
(LTG)LiteCoinGold(LTG),"0.002221
USD"
(HOT)HydroProtocol(HOT),"0.073796
USD"
(DAV)DavorCoin(DAV),"1.10
USD"
(AV)AvatarCoin(AV),"0.044922
USD"
(DEUS)DeusCoin(DEUS),"0.147608
USD"
(NAMO)NamoCoin(NAMO),"0.000326
USD"
(TMC)TimesCoin(TMC),"0.979159
USD"
(BITCF)FirstBitcoinCapital(BITCF),"0.132595
USD"
(MDT)MeasurableDataToken(MDT),"0.112473
USD"
(STC)StarChain(STC),"0.114190
USD"
(TSTR)TristarCoin(TSTR),"0.000979
USD"
(UR)UR(UR),"0.002448
USD"
(MSD)MSD(MSD),"0.005627
USD"
(CC)CyberCoin(CC),"0.000142
USD"
(LIGHT)LightChain(LIGHT),"0.003507
USD"
(IQT)iQuant(IQT),"0.119815
USD"
(EGG)EggCoin(EGG),"0.018630
USD"
(OX)OXFina(OX),"0.001279
USD"
(ETT)EncryptoTel[ETH](ETT),"0.071521
USD"
(TERA)TeraCoin(TERA),"0.000003
USD"
(ZSE)ZSEcoin(ZSE),"0.025655
USD"
(ENT)ENTCash(ENT),"0.103239
USD"
(KASHH)KashhCoin(KASHH),"0.000071
USD"
(TOP)TopCoin(TOP),"0.002285
USD"
(GMX)GoldMaxCoin(GMX),"0.002110
USD"
(LKC)LinkedCoin(LKC),"0.000213
USD"
(ADK)AidosKuneen(ADK),"54.26
USD"
(NMS)Numus(NMS),"6.28
USD"
(MBL)MobileCash(MBL),"0.000326
USD"
(SIC)Swisscoin(SIC),"0.002530
USD"
(IPC)IPChain(IPC),"0.671953
USD"
(FLAP)FlappyCoin(FLAP),"0.000013
USD"
(RUNNERS)Runners(RUNNERS),"0.000490
USD"
(MEN)PeopleCoin(MEN),"0.000078
USD"
(SAK)Sharkcoin(SAK),"0.004814
USD"
(CPC)CPChain(CPC),"0.339066
USD"
(OPES)Opescoin(OPES),"0.001983
USD"
USD"
(NOX)Nitro(NOX),"0.314218
USD"
(FAP)FAPcoin(FAP),"0.002936
USD"
(EDRC)EDRCoin(EDRC),"0.098944
USD"
(BCDN)BlockCDN(BCDN),"0.114209
USD"
(CASH)CashPokerPro(CASH),"0.041115
USD"
(BUB)Bubble(BUB),"0.016930
USD"
(GRN)Granite(GRN),"0.014524
USD"
(FRWC)FrankyWillCoin(FRWC),"0.002692
USD"
(SWM)Swarm(SWM),"1.14
USD"
(HIGH)HighGain(HIGH),"0.000490
USD"
(GDC)GrandCoin(GDC),"7.5e-07
USD"
(ESC)Escroco(ESC),"0.602265
USD"
(RCT)RealChain(RCT),"0.090475
USD"
(BTE)BitSerial(BTE),"0.099864
USD"
(MGC)MergeCoin(MGC),"0.043328
USD"
(ELTC2)eLTC(ELTC2),"0.000436
USD"
(HPY)HyperPay(HPY),"0.051811
USD"
(DON)Donationcoin(DON),"0.001714
USD"
(WETH)WETH(WETH),"816.24
USD"
(WOW)Wowcoin(WOW),"0.000082
USD"
(VZT)Vezt(VZT),"0.259975
USD"
(ATN)ATN(ATN),"1.43
USD"
(IPL)InsurePal(IPL),"0.175001
USD"
(XDE2)XDEII(XDE2),"5.63
USD"
(BAC)BitAlphaCoin(BAC),"0.005242
USD"
(TCT)TokenClub(TCT),"0.029642
USD"
(BTO)Bottos(BTO),"0.139533
USD"
(TESLA)TeslaCoilCoin(TESLA),"1.08
USD"
(PDG)PinkDog(PDG),"0.000163
USD"
(TCOIN)T-coin(TCOIN),"0.000082
USD"
(BTBc)Bitbase(BTBc),"0.001469
USD"
(SHELL)ShellCoin(SHELL),"0.046114
USD"
(WINK)Wink(WINK),"0.005549
USD"
(ZPT)Zeepin(ZPT),"0.089524
USD"
(XVE)TheVeganInitiative(XVE),"0.000638
USD"
(MMXVI)MMXVI(MMXVI),"0.002621
USD"
(POKE)PokeCoin(POKE),"0.000150
USD"
(KARMA)Karmacoin(KARMA),"0.000071
USD"
(SHOW)Show(SHOW),"0.005588
USD"
(QORA)Qora(QORA),"0.252451
USD"
(SIGMA)SIGMAcoin(SIGMA),"0.049327
USD"
(UGC)ugChain(UGC),"0.099604
USD"
(SJCX)StorjcoinX(SJCX),"1.05
USD"
(WC)WINCOIN(WC),"1.26
USD"
(C20)CRYPTO20(C20),"2.37
USD"
(MINEX)Minex(MINEX),"0.020353
USD"
(MTX)Matryx(MTX),"1.18
USD"
(FDX)FidentiaX(FDX),"0.287901
USD"
(SENSE)Sense(SENSE),"0.045120
USD"
(CANDY)Candy(CANDY),"0.000987
USD"
(GLS)GlassCoin(GLS),"0.334383
USD"
(SEXC)ShareX(SEXC),"0.027952
USD"
(DMC)DynamicCoin(DMC),"0.002959
USD"
(UNRC)UniversalRoyalCoin(UNRC),"0.001756
USD"
(HYTV)HyperTV(HYTV),"0.001020
USD"
(GOLF)Golfcoin(GOLF),"0.000163
USD"
(ZAP)Zap(ZAP),"0.296028
USD"
(DUB)Dubstep(DUB),"0.001629
USD"
(DASHS)Dashs(DASHS),"0.063186
USD"
(UGT)UGToken(UGT),"0.780767
USD"
(PSY)Psilocybin(PSY),"0.026209
USD"
(DUTCH)DutchCoin(DUTCH),"0.000898
USD"
(GCS)GameChainSystem(GCS),"0.021182
USD"
(HYPER)Hyper(HYPER),"0.071899
USD"
(STEX)STEX(STEX),"1.72
USD"
(BAR)TitaniumBlockchain(BAR),"1.18
USD"
(SBC)StrikeBitClub(SBC),"0.056302
USD"
(TRF)Travelflex(TRF),"0.156849
USD"
(TRIA)Triaconta(TRIA),"18.50
USD"
(TODAY)TodayCoin(TODAY),"0.000567
USD"
(REBL)Rebellious(REBL),"0.070897
USD"
(SWP)Swapcoin(SWP),"0.287741
USD"
(CYC)CyclingCoin(CYC),"0.001063
USD"
(AXP)aXpire(AXP),"0.074122
USD"
(NUMUS)NumusCash(NUMUS),"0.000245
USD"
(XOT)InternetofThings(XOT),"655.84
USD"
(FUTC)FutCoin(FUTC),"0.000898
USD"
(EGOLD)eGold(EGOLD),"0.021771
USD"
(FAIR)FairGame(FAIR),"0.051810
USD"
(EQL)Equal(EQL),"0.004492
USD"
(BIG)BigONEToken(BIG),"4.82
USD"
(MCR)Macro(MCR),"0.756520
USD"
(BEST)BestChain(BEST),"0.007507
USD"
(IC)Ignition(IC),"12.94
USD"
(CYDER)Cyder(CYDER),"0.009220
USD"
(GAIN)UGAIN(GAIN),"0.006201
USD"
(PAYP)PayPeer(PAYP),"0.000071
USD"
(BITOK)Bitok(BITOK),"0.000142
USD"
(CMS)COMSA[XEM](CMS),"1.18
USD"
(GML)GameLeagueCoin(GML),"0.013530
USD"
(MAG)Maggie(MAG),"0.031967
USD"
(SND)SandCoin(SND),"1.96
USD"
(INDIA)IndiaCoin(INDIA),"0.000979
USD"
AKY(BTCM)BTCMoon(BTCM),"0.009103
USD"
(IDT)InvestDigital(IDT),"0.068963
USD"
(WSX)WeAreSatoshi(WSX),"0.010363
USD"
(EKO)EchoLink(EKO),"0.081243
USD"
(APC)AlpaCoin(APC),"0.009139
USD"
(FOTA)Fortuna(FOTA),"0.099398
USD"
(PRIMU)Primulon(PRIMU),"0.000326
USD"
(OP)Operand(OP),"0.001842
USD"
(GOD)BitcoinGod(GOD),"40.58
USD"
(RUPX)Rupaya[OLD](RUPX),"0.003471
USD"
(VLC)ValueChain(VLC),"0.093721
USD"
(SPORT)SportsCoin(SPORT),"0.001417
USD"
(SISA)SISA(SISA),"0.008225
USD"
(INF)InfChain(INF),"0.008166
USD"
(RBBT)RabbitCoin(RBBT),"0.000019
USD"
(VULC)Vulcano(VULC),"0.005549
USD"
(KB3)B3Coin(KB3),"0.016646
USD"
(CHSB)SwissBorg(CHSB),"0.081949
USD"
(DDD)Scry.info(DDD),"0.256600
USD"
(CLD)Cloud(CLD),"0.081373
USD"
(TBX)Tokenbox(TBX),"0.810148
USD"
(GAY)GAYMoney(GAY),"0.034026
USD"
(EUSD)eUSD(EUSD),"0.000575
USD"
(AI)POLYAI(AI),"5.45
USD"
SD"
(DCRE)DeltaCredits(DCRE),"0.161152
USD"
(BET)BetaCoin(BET),"0.004733
USD"
(ANI)Animecoin(ANI),"0.001714
USD"
SD"
(TCR)TheCreed(TCR),"0.000425
USD"
D"
(SMS)SpeedMiningService(SMS),"52.02
USD"
(ABC)Alphabit(ABC),"70.19
USD"
(XID)SphreAIR(XID),"0.217661
USD"
(IPY)InfinityPay(IPY),"0.002069
USD"
(GRX)GOLDRewardToken(GRX),"0.083011
USD"
(HTML5)HTML5COIN(HTML5),"0.001488
USD"
(OMC)Omicron(OMC),"0.148047
USD"
(FAZZ)Fazzcoin(FAZZ),"0.059809
USD"
(IDXM)IDEXMembership(IDXM),"4192.88
USD"
(10MT)10MToken(10MT),"0.012977
USD"
(PXS)PundiX(PXS),"1.64
USD"
(SKULL)PirateBlocks(SKULL),"0.004977
USD"
(CLUB)ClubCoin(CLUB),"1.13
USD"
(PLX)PlexCoin(PLX),"0.031439
USD"
(ACES)Aces(ACES),"0.001550
USD"
(NEOG)NEOGOLD(NEOG),"0.011531
USD"
(PARETO)ParetoNetwork(PARETO),"0.042018
USD"
(FRCT)Farstcoin(FRCT),"?
USD"
(DIM)DIMCOIN(DIM),"0.006878
USD"
(IVZ)InvisibleCoin(IVZ),"0.219437
USD"
(GUESS)Peerguess(GUESS),"0.106973
USD"
(ZBC)Zilbercoin(ZBC),"0.042768
USD"
(SHND)StrongHands(SHND),"0.000001
USD"
(DISK)DarkLisk(DISK),"0.001629
USD"
(UIP)UnlimitedIP(UIP),"0.057488
USD"
(NTC)Natcoin(NTC),"0.016245
USD"
(LAZ)Lazaruscoin(LAZ),"0.000975
USD"
(FFC)FireFlyCoin(FFC),"0.000425
USD"
(ANTX)Antimatter(ANTX),"0.000163
USD"
(BTCS)BitcoinSilver(BTCS),"0.003412
USD"
(DMT)DMarket(DMT),"0.649473
USD"
(TOPAZ)TopazCoin(TOPAZ),"0.540659
USD"
(BTCA)Bitair(BTCA),"0.003678
USD"
(BLX)BlockchainIndex(BLX),"4.19
USD"
(MONETA)Moneta(MONETA),"0.000496
USD"
(BCA)BitcoinAtom(BCA),"19.94
USD"
(XRY)Royalties(XRY),"0.000163
USD"
(HNC)Huncoin(HNC),"0.001061
USD"
(BIRDS)Birds(BIRDS),"0.000326
USD"
(SLT)Smartlands(SLT),"1.87
USD"
(RCN)Rcoin(RCN),"0.000071
USD"
(EBIT)eBIT(EBIT),"0.004768
USD"
(RICHX)RichCoin(RICHX),"0.004463
USD"
(BT2)BT2[CST](BT2),"49.92
USD"
(XQN)Quotient(XQN),"0.007438
USD"
(HDLB)HODLBucks(HDLB),"0.136103
USD"
(SHA)SHACoin(SHA),"0.005957
USD"
(SPK)Sparks(SPK),"3.26
USD"
(CHEAP)Cheapcoin(CHEAP),"0.000653
USD"
(XTD)XTDCoin(XTD),"0.000163
USD"
(RUBIT)RubleBit(RUBIT),"0.009209
USD"
(LDCN)LandCoin(LDCN),"0.007574
USD"
(DUBI)DecentralizedUniversalBasicIncome(DUBI),"119.90
USD"
(IBTC)iBTC(IBTC),"0.006084
USD"
(FID)BITFID(FID),"0.065440
USD"
(LTH)LAthaan(LTH),"0.000496
USD"
(PRM)PrismChain(PRM),"0.001275
USD"
(VOYA)Voyacoin(VOYA),"0.925685
USD"
(ELITE)EthereumLite(ELITE),"0.189087
USD"
(BLAZR)BlazerCoin(BLAZR),"0.002040
USD"
(TEAM)TeamUp(TEAM),"0.000328
USD"
(MONEY)MoneyCoin(MONEY),"0.000142
USD"
